
 RUN  v4.1.10 /Users/zhangchen327/code/github/pk111and222/solid-upthrust/packages/testing

stderr | render/Select/groups.test.tsx
You appear to have multiple instances of Solid. This can lead to unexpected behavior.

stderr | render/Input/contracts.test.tsx
You appear to have multiple instances of Solid. This can lead to unexpected behavior.

stderr | render/Button/props.test.tsx
You appear to have multiple instances of Solid. This can lead to unexpected behavior.

stderr | render/InputNumber/contracts.test.tsx
You appear to have multiple instances of Solid. This can lead to unexpected behavior.

stderr | render/Select/contracts.test.tsx
You appear to have multiple instances of Solid. This can lead to unexpected behavior.

stderr | render/Input/regression.test.tsx
You appear to have multiple instances of Solid. This can lead to unexpected behavior.

stderr | render/Select/selection-integration.test.tsx
You appear to have multiple instances of Solid. This can lead to unexpected behavior.

stderr | render/Form/contracts.test.tsx
You appear to have multiple instances of Solid. This can lead to unexpected behavior.

stderr | headless/Form/validate.test.ts > validateRules — custom validator > throwing validator becomes CODE_LOGIC_ERROR → messages.default
Error: boom
    at validator (/Users/zhangchen327/code/github/pk111and222/solid-upthrust/packages/testing/headless/Form/validate.test.ts:72:34)
    at cloneRule.validator (/Users/zhangchen327/code/github/pk111and222/solid-upthrust/packages/competence/src/formValidate.ts:208:26)
    at Object.cloneRule.validator (/Users/zhangchen327/code/github/pk111and222/solid-upthrust/packages/competence/src/formValidate.ts:133:17)
    at /Users/zhangchen327/code/github/pk111and222/solid-upthrust/node_modules/.pnpm/async-validator@4.2.5/node_modules/async-validator/dist-node/index.js:1250:22
    at /Users/zhangchen327/code/github/pk111and222/solid-upthrust/node_modules/.pnpm/async-validator@4.2.5/node_modules/async-validator/dist-node/index.js:221:5
    at Array.forEach (<anonymous>)
    at asyncParallelArray (/Users/zhangchen327/code/github/pk111and222/solid-upthrust/node_modules/.pnpm/async-validator@4.2.5/node_modules/async-validator/dist-node/index.js:220:7)
    at /Users/zhangchen327/code/github/pk111and222/solid-upthrust/node_modules/.pnpm/async-validator@4.2.5/node_modules/async-validator/dist-node/index.js:316:9
    at Array.forEach (<anonymous>)
    at /Users/zhangchen327/code/github/pk111and222/solid-upthrust/node_modules/.pnpm/async-validator@4.2.5/node_modules/async-validator/dist-node/index.js:310:16

························stderr | render/Button/activation.test.tsx
You appear to have multiple instances of Solid. This can lead to unexpected behavior.

stderr | smoke/Form/exports.test.tsx
You appear to have multiple instances of Solid. This can lead to unexpected behavior.

··········································stderr | headless/Form/list.test.ts > createFormList — store integration > initialValue seeds the store on first read
[STRICT_READ_UNTRACKED] Reactive value read directly in an effect callback will not update. Move it into a tracking scope (JSX, a memo, or an effect's compute function).
[STRICT_READ_UNTRACKED] Reactive value read directly in an effect callback will not update. Move it into a tracking scope (JSX, a memo, or an effect's compute function).

·············stderr | render/Button/activation.test.tsx > [button.link.root] renders one native anchor and calls once
[STRICT_READ_UNTRACKED] Reactive value read directly in <[solid-refresh]Button> will not update. Move it into a tracking scope (JSX, a memo, or an effect's compute function).
[STRICT_READ_UNTRACKED] Reactive value read directly in <[solid-refresh]Button> will not update. Move it into a tracking scope (JSX, a memo, or an effect's compute function).
[STRICT_READ_UNTRACKED] Reactive value read directly in <[solid-refresh]Button> will not update. Move it into a tracking scope (JSX, a memo, or an effect's compute function).

stderr | render/Button/props.test.tsx > [button.type] default
[STRICT_READ_UNTRACKED] Reactive value read directly in <[solid-refresh]Button> will not update. Move it into a tracking scope (JSX, a memo, or an effect's compute function).
[STRICT_READ_UNTRACKED] Reactive value read directly in <[solid-refresh]Button> will not update. Move it into a tracking scope (JSX, a memo, or an effect's compute function).
[STRICT_READ_UNTRACKED] Reactive value read directly in <[solid-refresh]Button> will not update. Move it into a tracking scope (JSX, a memo, or an effect's compute function).

stderr | render/Button/props.test.tsx > [button.type] primary
[STRICT_READ_UNTRACKED] Reactive value read directly in <[solid-refresh]Button> will not update. Move it into a tracking scope (JSX, a memo, or an effect's compute function).
[STRICT_READ_UNTRACKED] Reactive value read directly in <[solid-refresh]Button> will not update. Move it into a tracking scope (JSX, a memo, or an effect's compute function).
[STRICT_READ_UNTRACKED] Reactive value read directly in <[solid-refresh]Button> will not update. Move it into a tracking scope (JSX, a memo, or an effect's compute function).

stderr | render/Button/activation.test.tsx > [button.loading.cleanup] clears pending timers
[STRICT_READ_UNTRACKED] Reactive value read directly in <[solid-refresh]Button> will not update. Move it into a tracking scope (JSX, a memo, or an effect's compute function).
[STRICT_READ_UNTRACKED] Reactive value read directly in <[solid-refresh]Button> will not update. Move it into a tracking scope (JSX, a memo, or an effect's compute function).
[STRICT_READ_UNTRACKED] Reactive value read directly in <[solid-refresh]Button> will not update. Move it into a tracking scope (JSX, a memo, or an effect's compute function).

stderr | render/Button/props.test.tsx > [button.type] dashed
[STRICT_READ_UNTRACKED] Reactive value read directly in <[solid-refresh]Button> will not update. Move it into a tracking scope (JSX, a memo, or an effect's compute function).
[STRICT_READ_UNTRACKED] Reactive value read directly in <[solid-refresh]Button> will not update. Move it into a tracking scope (JSX, a memo, or an effect's compute function).
[STRICT_READ_UNTRACKED] Reactive value read directly in <[solid-refresh]Button> will not update. Move it into a tracking scope (JSX, a memo, or an effect's compute function).

··stderr | render/Button/props.test.tsx > [button.type] text
[STRICT_READ_UNTRACKED] Reactive value read directly in <[solid-refresh]Button> will not update. Move it into a tracking scope (JSX, a memo, or an effect's compute function).
[STRICT_READ_UNTRACKED] Reactive value read directly in <[solid-refresh]Button> will not update. Move it into a tracking scope (JSX, a memo, or an effect's compute function).
[STRICT_READ_UNTRACKED] Reactive value read directly in <[solid-refresh]Button> will not update. Move it into a tracking scope (JSX, a memo, or an effect's compute function).

stderr | render/Button/props.test.tsx > [button.type] link
[STRICT_READ_UNTRACKED] Reactive value read directly in <[solid-refresh]Button> will not update. Move it into a tracking scope (JSX, a memo, or an effect's compute function).
[STRICT_READ_UNTRACKED] Reactive value read directly in <[solid-refresh]Button> will not update. Move it into a tracking scope (JSX, a memo, or an effect's compute function).
[STRICT_READ_UNTRACKED] Reactive value read directly in <[solid-refresh]Button> will not update. Move it into a tracking scope (JSX, a memo, or an effect's compute function).

stderr | render/Button/props.test.tsx > [button.variant.color] 'outlined' / 'default'
[STRICT_READ_UNTRACKED] Reactive value read directly in <[solid-refresh]Button> will not update. Move it into a tracking scope (JSX, a memo, or an effect's compute function).
[STRICT_READ_UNTRACKED] Reactive value read directly in <[solid-refresh]Button> will not update. Move it into a tracking scope (JSX, a memo, or an effect's compute function).
[STRICT_READ_UNTRACKED] Reactive value read directly in <[solid-refresh]Button> will not update. Move it into a tracking scope (JSX, a memo, or an effect's compute function).

stderr | render/Button/props.test.tsx > [button.variant.color] 'outlined' / 'primary'
[STRICT_READ_UNTRACKED] Reactive value read directly in <[solid-refresh]Button> will not update. Move it into a tracking scope (JSX, a memo, or an effect's compute function).
[STRICT_READ_UNTRACKED] Reactive value read directly in <[solid-refresh]Button> will not update. Move it into a tracking scope (JSX, a memo, or an effect's compute function).
[STRICT_READ_UNTRACKED] Reactive value read directly in <[solid-refresh]Button> will not update. Move it into a tracking scope (JSX, a memo, or an effect's compute function).

stderr | render/Button/props.test.tsx > [button.variant.color] 'outlined' / 'danger'
[STRICT_READ_UNTRACKED] Reactive value read directly in <[solid-refresh]Button> will not update. Move it into a tracking scope (JSX, a memo, or an effect's compute function).
[STRICT_READ_UNTRACKED] Reactive value read directly in <[solid-refresh]Button> will not update. Move it into a tracking scope (JSX, a memo, or an effect's compute function).
[STRICT_READ_UNTRACKED] Reactive value read directly in <[solid-refresh]Button> will not update. Move it into a tracking scope (JSX, a memo, or an effect's compute function).

stderr | render/Button/props.test.tsx > [button.variant.color] 'solid' / 'default'
[STRICT_READ_UNTRACKED] Reactive value read directly in <[solid-refresh]Button> will not update. Move it into a tracking scope (JSX, a memo, or an effect's compute function).
[STRICT_READ_UNTRACKED] Reactive value read directly in <[solid-refresh]Button> will not update. Move it into a tracking scope (JSX, a memo, or an effect's compute function).
[STRICT_READ_UNTRACKED] Reactive value read directly in <[solid-refresh]Button> will not update. Move it into a tracking scope (JSX, a memo, or an effect's compute function).

stderr | render/Button/props.test.tsx > [button.variant.color] 'solid' / 'primary'
[STRICT_READ_UNTRACKED] Reactive value read directly in <[solid-refresh]Button> will not update. Move it into a tracking scope (JSX, a memo, or an effect's compute function).
[STRICT_READ_UNTRACKED] Reactive value read directly in <[solid-refresh]Button> will not update. Move it into a tracking scope (JSX, a memo, or an effect's compute function).
[STRICT_READ_UNTRACKED] Reactive value read directly in <[solid-refresh]Button> will not update. Move it into a tracking scope (JSX, a memo, or an effect's compute function).

stderr | render/Button/props.test.tsx > [button.variant.color] 'solid' / 'danger'
[STRICT_READ_UNTRACKED] Reactive value read directly in <[solid-refresh]Button> will not update. Move it into a tracking scope (JSX, a memo, or an effect's compute function).
[STRICT_READ_UNTRACKED] Reactive value read directly in <[solid-refresh]Button> will not update. Move it into a tracking scope (JSX, a memo, or an effect's compute function).
[STRICT_READ_UNTRACKED] Reactive value read directly in <[solid-refresh]Button> will not update. Move it into a tracking scope (JSX, a memo, or an effect's compute function).

stderr | render/Button/props.test.tsx > [button.variant.color] 'filled' / 'default'
[STRICT_READ_UNTRACKED] Reactive value read directly in <[solid-refresh]Button> will not update. Move it into a tracking scope (JSX, a memo, or an effect's compute function).
[STRICT_READ_UNTRACKED] Reactive value read directly in <[solid-refresh]Button> will not update. Move it into a tracking scope (JSX, a memo, or an effect's compute function).
[STRICT_READ_UNTRACKED] Reactive value read directly in <[solid-refresh]Button> will not update. Move it into a tracking scope (JSX, a memo, or an effect's compute function).

stderr | render/Button/props.test.tsx > [button.variant.color] 'filled' / 'primary'
[STRICT_READ_UNTRACKED] Reactive value read directly in <[solid-refresh]Button> will not update. Move it into a tracking scope (JSX, a memo, or an effect's compute function).
[STRICT_READ_UNTRACKED] Reactive value read directly in <[solid-refresh]Button> will not update. Move it into a tracking scope (JSX, a memo, or an effect's compute function).
[STRICT_READ_UNTRACKED] Reactive value read directly in <[solid-refresh]Button> will not update. Move it into a tracking scope (JSX, a memo, or an effect's compute function).

stderr | render/Button/props.test.tsx > [button.variant.color] 'filled' / 'danger'
[STRICT_READ_UNTRACKED] Reactive value read directly in <[solid-refresh]Button> will not update. Move it into a tracking scope (JSX, a memo, or an effect's compute function).
[STRICT_READ_UNTRACKED] Reactive value read directly in <[solid-refresh]Button> will not update. Move it into a tracking scope (JSX, a memo, or an effect's compute function).
[STRICT_READ_UNTRACKED] Reactive value read directly in <[solid-refresh]Button> will not update. Move it into a tracking scope (JSX, a memo, or an effect's compute function).

stderr | render/Button/props.test.tsx > [button.variant.color] 'text' / 'default'
[STRICT_READ_UNTRACKED] Reactive value read directly in <[solid-refresh]Button> will not update. Move it into a tracking scope (JSX, a memo, or an effect's compute function).
[STRICT_READ_UNTRACKED] Reactive value read directly in <[solid-refresh]Button> will not update. Move it into a tracking scope (JSX, a memo, or an effect's compute function).
[STRICT_READ_UNTRACKED] Reactive value read directly in <[solid-refresh]Button> will not update. Move it into a tracking scope (JSX, a memo, or an effect's compute function).

stderr | render/Button/props.test.tsx > [button.variant.color] 'text' / 'primary'
[STRICT_READ_UNTRACKED] Reactive value read directly in <[solid-refresh]Button> will not update. Move it into a tracking scope (JSX, a memo, or an effect's compute function).
[STRICT_READ_UNTRACKED] Reactive value read directly in <[solid-refresh]Button> will not update. Move it into a tracking scope (JSX, a memo, or an effect's compute function).
[STRICT_READ_UNTRACKED] Reactive value read directly in <[solid-refresh]Button> will not update. Move it into a tracking scope (JSX, a memo, or an effect's compute function).

stderr | render/Button/props.test.tsx > [button.variant.color] 'text' / 'danger'
[STRICT_READ_UNTRACKED] Reactive value read directly in <[solid-refresh]Button> will not update. Move it into a tracking scope (JSX, a memo, or an effect's compute function).
[STRICT_READ_UNTRACKED] Reactive value read directly in <[solid-refresh]Button> will not update. Move it into a tracking scope (JSX, a memo, or an effect's compute function).
[STRICT_READ_UNTRACKED] Reactive value read directly in <[solid-refresh]Button> will not update. Move it into a tracking scope (JSX, a memo, or an effect's compute function).

stderr | render/Button/props.test.tsx > [button.variant.color] 'link' / 'default'
[STRICT_READ_UNTRACKED] Reactive value read directly in <[solid-refresh]Button> will not update. Move it into a tracking scope (JSX, a memo, or an effect's compute function).
[STRICT_READ_UNTRACKED] Reactive value read directly in <[solid-refresh]Button> will not update. Move it into a tracking scope (JSX, a memo, or an effect's compute function).
[STRICT_READ_UNTRACKED] Reactive value read directly in <[solid-refresh]Button> will not update. Move it into a tracking scope (JSX, a memo, or an effect's compute function).

stderr | render/Button/props.test.tsx > [button.variant.color] 'link' / 'primary'
[STRICT_READ_UNTRACKED] Reactive value read directly in <[solid-refresh]Button> will not update. Move it into a tracking scope (JSX, a memo, or an effect's compute function).
[STRICT_READ_UNTRACKED] Reactive value read directly in <[solid-refresh]Button> will not update. Move it into a tracking scope (JSX, a memo, or an effect's compute function).
[STRICT_READ_UNTRACKED] Reactive value read directly in <[solid-refresh]Button> will not update. Move it into a tracking scope (JSX, a memo, or an effect's compute function).

stderr | render/Button/props.test.tsx > [button.variant.color] 'link' / 'danger'
[STRICT_READ_UNTRACKED] Reactive value read directly in <[solid-refresh]Button> will not update. Move it into a tracking scope (JSX, a memo, or an effect's compute function).
[STRICT_READ_UNTRACKED] Reactive value read directly in <[solid-refresh]Button> will not update. Move it into a tracking scope (JSX, a memo, or an effect's compute function).
[STRICT_READ_UNTRACKED] Reactive value read directly in <[solid-refresh]Button> will not update. Move it into a tracking scope (JSX, a memo, or an effect's compute function).

stderr | render/Button/props.test.tsx > [button.variant.color] 'dashed' / 'default'
[STRICT_READ_UNTRACKED] Reactive value read directly in <[solid-refresh]Button> will not update. Move it into a tracking scope (JSX, a memo, or an effect's compute function).
[STRICT_READ_UNTRACKED] Reactive value read directly in <[solid-refresh]Button> will not update. Move it into a tracking scope (JSX, a memo, or an effect's compute function).
[STRICT_READ_UNTRACKED] Reactive value read directly in <[solid-refresh]Button> will not update. Move it into a tracking scope (JSX, a memo, or an effect's compute function).

stderr | render/Button/props.test.tsx > [button.variant.color] 'dashed' / 'primary'
[STRICT_READ_UNTRACKED] Reactive value read directly in <[solid-refresh]Button> will not update. Move it into a tracking scope (JSX, a memo, or an effect's compute function).
[STRICT_READ_UNTRACKED] Reactive value read directly in <[solid-refresh]Button> will not update. Move it into a tracking scope (JSX, a memo, or an effect's compute function).
[STRICT_READ_UNTRACKED] Reactive value read directly in <[solid-refresh]Button> will not update. Move it into a tracking scope (JSX, a memo, or an effect's compute function).

stderr | render/Button/props.test.tsx > [button.variant.color] 'dashed' / 'danger'
[STRICT_READ_UNTRACKED] Reactive value read directly in <[solid-refresh]Button> will not update. Move it into a tracking scope (JSX, a memo, or an effect's compute function).
[STRICT_READ_UNTRACKED] Reactive value read directly in <[solid-refresh]Button> will not update. Move it into a tracking scope (JSX, a memo, or an effect's compute function).
[STRICT_READ_UNTRACKED] Reactive value read directly in <[solid-refresh]Button> will not update. Move it into a tracking scope (JSX, a memo, or an effect's compute function).

stderr | render/Button/props.test.tsx > [button.precedence] combines overrides, ghost and block
[STRICT_READ_UNTRACKED] Reactive value read directly in <[solid-refresh]Button> will not update. Move it into a tracking scope (JSX, a memo, or an effect's compute function).
[STRICT_READ_UNTRACKED] Reactive value read directly in <[solid-refresh]Button> will not update. Move it into a tracking scope (JSX, a memo, or an effect's compute function).

stderr | render/Button/props.test.tsx > [button.size.shape] 'small' / 'default'
[STRICT_READ_UNTRACKED] Reactive value read directly in <[solid-refresh]Button> will not update. Move it into a tracking scope (JSX, a memo, or an effect's compute function).
[STRICT_READ_UNTRACKED] Reactive value read directly in <[solid-refresh]Button> will not update. Move it into a tracking scope (JSX, a memo, or an effect's compute function).

stderr | render/Button/props.test.tsx > [button.size.shape] 'small' / 'round'
[STRICT_READ_UNTRACKED] Reactive value read directly in <[solid-refresh]Button> will not update. Move it into a tracking scope (JSX, a memo, or an effect's compute function).
[STRICT_READ_UNTRACKED] Reactive value read directly in <[solid-refresh]Button> will not update. Move it into a tracking scope (JSX, a memo, or an effect's compute function).

stderr | render/Button/props.test.tsx > [button.size.shape] 'small' / 'circle'
[STRICT_READ_UNTRACKED] Reactive value read directly in <[solid-refresh]Button> will not update. Move it into a tracking scope (JSX, a memo, or an effect's compute function).
[STRICT_READ_UNTRACKED] Reactive value read directly in <[solid-refresh]Button> will not update. Move it into a tracking scope (JSX, a memo, or an effect's compute function).

stderr | render/Button/props.test.tsx > [button.size.shape] 'middle' / 'default'
[STRICT_READ_UNTRACKED] Reactive value read directly in <[solid-refresh]Button> will not update. Move it into a tracking scope (JSX, a memo, or an effect's compute function).
[STRICT_READ_UNTRACKED] Reactive value read directly in <[solid-refresh]Button> will not update. Move it into a tracking scope (JSX, a memo, or an effect's compute function).

stderr | render/Button/props.test.tsx > [button.size.shape] 'middle' / 'round'
[STRICT_READ_UNTRACKED] Reactive value read directly in <[solid-refresh]Button> will not update. Move it into a tracking scope (JSX, a memo, or an effect's compute function).
[STRICT_READ_UNTRACKED] Reactive value read directly in <[solid-refresh]Button> will not update. Move it into a tracking scope (JSX, a memo, or an effect's compute function).

stderr | render/Button/props.test.tsx > [button.size.shape] 'middle' / 'circle'
[STRICT_READ_UNTRACKED] Reactive value read directly in <[solid-refresh]Button> will not update. Move it into a tracking scope (JSX, a memo, or an effect's compute function).
[STRICT_READ_UNTRACKED] Reactive value read directly in <[solid-refresh]Button> will not update. Move it into a tracking scope (JSX, a memo, or an effect's compute function).

stderr | render/Button/props.test.tsx > [button.size.shape] 'large' / 'default'
[STRICT_READ_UNTRACKED] Reactive value read directly in <[solid-refresh]Button> will not update. Move it into a tracking scope (JSX, a memo, or an effect's compute function).
[STRICT_READ_UNTRACKED] Reactive value read directly in <[solid-refresh]Button> will not update. Move it into a tracking scope (JSX, a memo, or an effect's compute function).

stderr | render/Button/props.test.tsx > [button.size.shape] 'large' / 'round'
[STRICT_READ_UNTRACKED] Reactive value read directly in <[solid-refresh]Button> will not update. Move it into a tracking scope (JSX, a memo, or an effect's compute function).
[STRICT_READ_UNTRACKED] Reactive value read directly in <[solid-refresh]Button> will not update. Move it into a tracking scope (JSX, a memo, or an effect's compute function).

stderr | render/Button/props.test.tsx > [button.size.shape] 'large' / 'circle'
[STRICT_READ_UNTRACKED] Reactive value read directly in <[solid-refresh]Button> will not update. Move it into a tracking scope (JSX, a memo, or an effect's compute function).
[STRICT_READ_UNTRACKED] Reactive value read directly in <[solid-refresh]Button> will not update. Move it into a tracking scope (JSX, a memo, or an effect's compute function).

stderr | render/Button/props.test.tsx > [button.icon] start and loading replacement
[STRICT_READ_UNTRACKED] Reactive value read directly in <[solid-refresh]Button> will not update. Move it into a tracking scope (JSX, a memo, or an effect's compute function).
[STRICT_READ_UNTRACKED] Reactive value read directly in <[solid-refresh]Button> will not update. Move it into a tracking scope (JSX, a memo, or an effect's compute function).
[STRICT_READ_UNTRACKED] Reactive value read directly in <[solid-refresh]Button> will not update. Move it into a tracking scope (JSX, a memo, or an effect's compute function).
[STRICT_READ_UNTRACKED] Reactive value read directly in <[solid-refresh]Button> will not update. Move it into a tracking scope (JSX, a memo, or an effect's compute function).

stderr | render/Button/props.test.tsx > [button.icon] end and loading replacement
[STRICT_READ_UNTRACKED] Reactive value read directly in <[solid-refresh]Button> will not update. Move it into a tracking scope (JSX, a memo, or an effect's compute function).
[STRICT_READ_UNTRACKED] Reactive value read directly in <[solid-refresh]Button> will not update. Move it into a tracking scope (JSX, a memo, or an effect's compute function).
[STRICT_READ_UNTRACKED] Reactive value read directly in <[solid-refresh]Button> will not update. Move it into a tracking scope (JSX, a memo, or an effect's compute function).
[STRICT_READ_UNTRACKED] Reactive value read directly in <[solid-refresh]Button> will not update. Move it into a tracking scope (JSX, a memo, or an effect's compute function).

stderr | render/Select/selection-integration.test.tsx > [select.selection.integration] controlled rejection and parent update
[STRICT_READ_UNTRACKED] Reactive value read directly in <[solid-refresh]Select> will not update. Move it into a tracking scope (JSX, a memo, or an effect's compute function).
[STRICT_READ_UNTRACKED] Reactive value read directly in <[solid-refresh]Select> will not update. Move it into a tracking scope (JSX, a memo, or an effect's compute function).
[STRICT_READ_UNTRACKED] Reactive value read directly in <[solid-refresh]Select> will not update. Move it into a tracking scope (JSX, a memo, or an effect's compute function).
[STRICT_READ_UNTRACKED] Reactive value read directly in an effect callback will not update. Move it into a tracking scope (JSX, a memo, or an effect's compute function).
[STRICT_READ_UNTRACKED] Reactive value read directly in an effect callback will not update. Move it into a tracking scope (JSX, a memo, or an effect's compute function).
[STRICT_READ_UNTRACKED] Reactive value read directly in an effect callback will not update. Move it into a tracking scope (JSX, a memo, or an effect's compute function).
[STRICT_READ_UNTRACKED] Reactive value read directly in an effect callback will not update. Move it into a tracking scope (JSX, a memo, or an effect's compute function).
[STRICT_READ_UNTRACKED] Reactive value read directly in an effect callback will not update. Move it into a tracking scope (JSX, a memo, or an effect's compute function).
[STRICT_READ_UNTRACKED] Reactive value read directly in an effect callback will not update. Move it into a tracking scope (JSX, a memo, or an effect's compute function).
[STRICT_READ_UNTRACKED] Reactive value read directly in an effect callback will not update. Move it into a tracking scope (JSX, a memo, or an effect's compute function).
[STRICT_READ_UNTRACKED] Reactive value read directly in an effect callback will not update. Move it into a tracking scope (JSX, a memo, or an effect's compute function).
[STRICT_READ_UNTRACKED] Reactive value read directly in an effect callback will not update. Move it into a tracking scope (JSX, a memo, or an effect's compute function).
[STRICT_READ_UNTRACKED] Reactive value read directly in an effect callback will not update. Move it into a tracking scope (JSX, a memo, or an effect's compute function).
[STRICT_READ_UNTRACKED] Reactive value read directly in an effect callback will not update. Move it into a tracking scope (JSX, a memo, or an effect's compute function).
[STRICT_READ_UNTRACKED] Reactive value read directly in an effect callback will not update. Move it into a tracking scope (JSX, a memo, or an effect's compute function).
[STRICT_READ_UNTRACKED] Reactive value read directly in an effect callback will not update. Move it into a tracking scope (JSX, a memo, or an effect's compute function).
[STRICT_READ_UNTRACKED] Reactive value read directly in an effect callback will not update. Move it into a tracking scope (JSX, a memo, or an effect's compute function).
[STRICT_READ_UNTRACKED] Reactive value read directly in an effect callback will not update. Move it into a tracking scope (JSX, a memo, or an effect's compute function).
[STRICT_READ_UNTRACKED] Reactive value read directly in an effect callback will not update. Move it into a tracking scope (JSX, a memo, or an effect's compute function).
[STRICT_READ_UNTRACKED] Reactive value read directly in an effect callback will not update. Move it into a tracking scope (JSX, a memo, or an effect's compute function).
[STRICT_READ_UNTRACKED] Reactive value read directly in an effect callback will not update. Move it into a tracking scope (JSX, a memo, or an effect's compute function).
[STRICT_READ_UNTRACKED] Reactive value read directly in an effect callback will not update. Move it into a tracking scope (JSX, a memo, or an effect's compute function).
[STRICT_READ_UNTRACKED] Reactive value read directly in an effect callback will not update. Move it into a tracking scope (JSX, a memo, or an effect's compute function).
[STRICT_READ_UNTRACKED] Reactive value read directly in an effect callback will not update. Move it into a tracking scope (JSX, a memo, or an effect's compute function).
[STRICT_READ_UNTRACKED] Reactive value read directly in an effect callback will not update. Move it into a tracking scope (JSX, a memo, or an effect's compute function).
[STRICT_READ_UNTRACKED] Reactive value read directly in an effect callback will not update. Move it into a tracking scope (JSX, a memo, or an effect's compute function).
[STRICT_READ_UNTRACKED] Reactive value read directly in an effect callback will not update. Move it into a tracking scope (JSX, a memo, or an effect's compute function).
[STRICT_READ_UNTRACKED] Reactive value read directly in an effect callback will not update. Move it into a tracking scope (JSX, a memo, or an effect's compute function).
[STRICT_READ_UNTRACKED] Reactive value read directly in an effect callback will not update. Move it into a tracking scope (JSX, a memo, or an effect's compute function).
[STRICT_READ_UNTRACKED] Reactive value read directly in an effect callback will not update. Move it into a tracking scope (JSX, a memo, or an effect's compute function).
[STRICT_READ_UNTRACKED] Reactive value read directly in an effect callback will not update. Move it into a tracking scope (JSX, a memo, or an effect's compute function).
[STRICT_READ_UNTRACKED] Reactive value read directly in an effect callback will not update. Move it into a tracking scope (JSX, a memo, or an effect's compute function).
[STRICT_READ_UNTRACKED] Reactive value read directly in an effect callback will not update. Move it into a tracking scope (JSX, a memo, or an effect's compute function).

········stderr | render/Button/props.test.tsx > [button.native] button
[STRICT_READ_UNTRACKED] Reactive value read directly in <[solid-refresh]Button> will not update. Move it into a tracking scope (JSX, a memo, or an effect's compute function).
[STRICT_READ_UNTRACKED] Reactive value read directly in <[solid-refresh]Button> will not update. Move it into a tracking scope (JSX, a memo, or an effect's compute function).
[STRICT_READ_UNTRACKED] Reactive value read directly in <[solid-refresh]Button> will not update. Move it into a tracking scope (JSX, a memo, or an effect's compute function).

stderr | render/Button/props.test.tsx > [button.native] submit
[STRICT_READ_UNTRACKED] Reactive value read directly in <[solid-refresh]Button> will not update. Move it into a tracking scope (JSX, a memo, or an effect's compute function).
[STRICT_READ_UNTRACKED] Reactive value read directly in <[solid-refresh]Button> will not update. Move it into a tracking scope (JSX, a memo, or an effect's compute function).
[STRICT_READ_UNTRACKED] Reactive value read directly in <[solid-refresh]Button> will not update. Move it into a tracking scope (JSX, a memo, or an effect's compute function).

stderr | render/Button/props.test.tsx > [button.native] reset
[STRICT_READ_UNTRACKED] Reactive value read directly in <[solid-refresh]Button> will not update. Move it into a tracking scope (JSX, a memo, or an effect's compute function).
[STRICT_READ_UNTRACKED] Reactive value read directly in <[solid-refresh]Button> will not update. Move it into a tracking scope (JSX, a memo, or an effect's compute function).
[STRICT_READ_UNTRACKED] Reactive value read directly in <[solid-refresh]Button> will not update. Move it into a tracking scope (JSX, a memo, or an effect's compute function).

stderr | render/Button/props.test.tsx > [button.ref.dynamic] switches native root and detaches stale listener
[STRICT_READ_UNTRACKED] Reactive value read directly in <[solid-refresh]Button> will not update. Move it into a tracking scope (JSX, a memo, or an effect's compute function).
[STRICT_READ_UNTRACKED] Reactive value read directly in <[solid-refresh]Button> will not update. Move it into a tracking scope (JSX, a memo, or an effect's compute function).
[STRICT_READ_UNTRACKED] Reactive value read directly in <[solid-refresh]Button> will not update. Move it into a tracking scope (JSX, a memo, or an effect's compute function).
[STRICT_READ_UNTRACKED] Reactive value read directly in <[solid-refresh]Button> will not update. Move it into a tracking scope (JSX, a memo, or an effect's compute function).

stderr | render/Button/props.test.tsx > [button.link.blocked] true / false
[STRICT_READ_UNTRACKED] Reactive value read directly in <[solid-refresh]Button> will not update. Move it into a tracking scope (JSX, a memo, or an effect's compute function).
[STRICT_READ_UNTRACKED] Reactive value read directly in <[solid-refresh]Button> will not update. Move it into a tracking scope (JSX, a memo, or an effect's compute function).
[STRICT_READ_UNTRACKED] Reactive value read directly in <[solid-refresh]Button> will not update. Move it into a tracking scope (JSX, a memo, or an effect's compute function).
[STRICT_READ_UNTRACKED] Reactive value read directly in <[solid-refresh]Button> will not update. Move it into a tracking scope (JSX, a memo, or an effect's compute function).

stderr | render/Select/groups.test.tsx > [select.group.render] headers follow visible grouped options
[STRICT_READ_UNTRACKED] Reactive value read directly in <[solid-refresh]Select> will not update. Move it into a tracking scope (JSX, a memo, or an effect's compute function).
[STRICT_READ_UNTRACKED] Reactive value read directly in <[solid-refresh]Select> will not update. Move it into a tracking scope (JSX, a memo, or an effect's compute function).
[STRICT_READ_UNTRACKED] Reactive value read directly in <[solid-refresh]Select> will not update. Move it into a tracking scope (JSX, a memo, or an effect's compute function).
[STRICT_READ_UNTRACKED] Reactive value read directly in an effect callback will not update. Move it into a tracking scope (JSX, a memo, or an effect's compute function).
[STRICT_READ_UNTRACKED] Reactive value read directly in an effect callback will not update. Move it into a tracking scope (JSX, a memo, or an effect's compute function).
[STRICT_READ_UNTRACKED] Reactive value read directly in an effect callback will not update. Move it into a tracking scope (JSX, a memo, or an effect's compute function).
[STRICT_READ_UNTRACKED] Reactive value read directly in an effect callback will not update. Move it into a tracking scope (JSX, a memo, or an effect's compute function).
[STRICT_READ_UNTRACKED] Reactive value read directly in an effect callback will not update. Move it into a tracking scope (JSX, a memo, or an effect's compute function).
[STRICT_READ_UNTRACKED] Reactive value read directly in an effect callback will not update. Move it into a tracking scope (JSX, a memo, or an effect's compute function).
[STRICT_READ_UNTRACKED] Reactive value read directly in an effect callback will not update. Move it into a tracking scope (JSX, a memo, or an effect's compute function).
[STRICT_READ_UNTRACKED] Reactive value read directly in an effect callback will not update. Move it into a tracking scope (JSX, a memo, or an effect's compute function).
[STRICT_READ_UNTRACKED] Reactive value read directly in an effect callback will not update. Move it into a tracking scope (JSX, a memo, or an effect's compute function).
[STRICT_READ_UNTRACKED] Reactive value read directly in an effect callback will not update. Move it into a tracking scope (JSX, a memo, or an effect's compute function).
[STRICT_READ_UNTRACKED] Reactive value read directly in an effect callback will not update. Move it into a tracking scope (JSX, a memo, or an effect's compute function).
[STRICT_READ_UNTRACKED] Reactive value read directly in an effect callback will not update. Move it into a tracking scope (JSX, a memo, or an effect's compute function).
[STRICT_READ_UNTRACKED] Reactive value read directly in an effect callback will not update. Move it into a tracking scope (JSX, a memo, or an effect's compute function).
[STRICT_READ_UNTRACKED] Reactive value read directly in an effect callback will not update. Move it into a tracking scope (JSX, a memo, or an effect's compute function).
[STRICT_READ_UNTRACKED] Reactive value read directly in an effect callback will not update. Move it into a tracking scope (JSX, a memo, or an effect's compute function).
[STRICT_READ_UNTRACKED] Reactive value read directly in an effect callback will not update. Move it into a tracking scope (JSX, a memo, or an effect's compute function).
[STRICT_READ_UNTRACKED] Reactive value read directly in an effect callback will not update. Move it into a tracking scope (JSX, a memo, or an effect's compute function).
[STRICT_READ_UNTRACKED] Reactive value read directly in an effect callback will not update. Move it into a tracking scope (JSX, a memo, or an effect's compute function).
[STRICT_READ_UNTRACKED] Reactive value read directly in an effect callback will not update. Move it into a tracking scope (JSX, a memo, or an effect's compute function).
[STRICT_READ_UNTRACKED] Reactive value read directly in an effect callback will not update. Move it into a tracking scope (JSX, a memo, or an effect's compute function).
[STRICT_READ_UNTRACKED] Reactive value read directly in an effect callback will not update. Move it into a tracking scope (JSX, a memo, or an effect's compute function).
[STRICT_READ_UNTRACKED] Reactive value read directly in an effect callback will not update. Move it into a tracking scope (JSX, a memo, or an effect's compute function).
[STRICT_READ_UNTRACKED] Reactive value read directly in an effect callback will not update. Move it into a tracking scope (JSX, a memo, or an effect's compute function).
[STRICT_READ_UNTRACKED] Reactive value read directly in an effect callback will not update. Move it into a tracking scope (JSX, a memo, or an effect's compute function).
[STRICT_READ_UNTRACKED] Reactive value read directly in an effect callback will not update. Move it into a tracking scope (JSX, a memo, or an effect's compute function).
[STRICT_READ_UNTRACKED] Reactive value read directly in an effect callback will not update. Move it into a tracking scope (JSX, a memo, or an effect's compute function).
[STRICT_READ_UNTRACKED] Reactive value read directly in an effect callback will not update. Move it into a tracking scope (JSX, a memo, or an effect's compute function).
[STRICT_READ_UNTRACKED] Reactive value read directly in an effect callback will not update. Move it into a tracking scope (JSX, a memo, or an effect's compute function).
[STRICT_READ_UNTRACKED] Reactive value read directly in an effect callback will not update. Move it into a tracking scope (JSX, a memo, or an effect's compute function).
[STRICT_READ_UNTRACKED] Reactive value read directly in an effect callback will not update. Move it into a tracking scope (JSX, a memo, or an effect's compute function).
[STRICT_READ_UNTRACKED] Reactive value read directly in an effect callback will not update. Move it into a tracking scope (JSX, a memo, or an effect's compute function).
[STRICT_READ_UNTRACKED] Reactive value read directly in an effect callback will not update. Move it into a tracking scope (JSX, a memo, or an effect's compute function).
[STRICT_READ_UNTRACKED] Reactive value read directly in an effect callback will not update. Move it into a tracking scope (JSX, a memo, or an effect's compute function).
[STRICT_READ_UNTRACKED] Reactive value read directly in an effect callback will not update. Move it into a tracking scope (JSX, a memo, or an effect's compute function).
[STRICT_READ_UNTRACKED] Reactive value read directly in an effect callback will not update. Move it into a tracking scope (JSX, a memo, or an effect's compute function).
[STRICT_READ_UNTRACKED] Reactive value read directly in an effect callback will not update. Move it into a tracking scope (JSX, a memo, or an effect's compute function).
[STRICT_READ_UNTRACKED] Reactive value read directly in an effect callback will not update. Move it into a tracking scope (JSX, a memo, or an effect's compute function).
[STRICT_READ_UNTRACKED] Reactive value read directly in an effect callback will not update. Move it into a tracking scope (JSX, a memo, or an effect's compute function).
[STRICT_READ_UNTRACKED] Reactive value read directly in an effect callback will not update. Move it into a tracking scope (JSX, a memo, or an effect's compute function).
[STRICT_READ_UNTRACKED] Reactive value read directly in an effect callback will not update. Move it into a tracking scope (JSX, a memo, or an effect's compute function).
[STRICT_READ_UNTRACKED] Reactive value read directly in an effect callback will not update. Move it into a tracking scope (JSX, a memo, or an effect's compute function).
[STRICT_READ_UNTRACKED] Reactive value read directly in an effect callback will not update. Move it into a tracking scope (JSX, a memo, or an effect's compute function).
[STRICT_READ_UNTRACKED] Reactive value read directly in an effect callback will not update. Move it into a tracking scope (JSX, a memo, or an effect's compute function).
[STRICT_READ_UNTRACKED] Reactive value read directly in an effect callback will not update. Move it into a tracking scope (JSX, a memo, or an effect's compute function).
[STRICT_READ_UNTRACKED] Reactive value read directly in an effect callback will not update. Move it into a tracking scope (JSX, a memo, or an effect's compute function).
[STRICT_READ_UNTRACKED] Reactive value read directly in an effect callback will not update. Move it into a tracking scope (JSX, a memo, or an effect's compute function).
[STRICT_READ_UNTRACKED] Reactive value read directly in an effect callback will not update. Move it into a tracking scope (JSX, a memo, or an effect's compute function).
[STRICT_READ_UNTRACKED] Reactive value read directly in an effect callback will not update. Move it into a tracking scope (JSX, a memo, or an effect's compute function).
[STRICT_READ_UNTRACKED] Reactive value read directly in an effect callback will not update. Move it into a tracking scope (JSX, a memo, or an effect's compute function).
[STRICT_READ_UNTRACKED] Reactive value read directly in an effect callback will not update. Move it into a tracking scope (JSX, a memo, or an effect's compute function).
[STRICT_READ_UNTRACKED] Reactive value read directly in an effect callback will not update. Move it into a tracking scope (JSX, a memo, or an effect's compute function).
[STRICT_READ_UNTRACKED] Reactive value read directly in an effect callback will not update. Move it into a tracking scope (JSX, a memo, or an effect's compute function).
[STRICT_READ_UNTRACKED] Reactive value read directly in an effect callback will not update. Move it into a tracking scope (JSX, a memo, or an effect's compute function).
[STRICT_READ_UNTRACKED] Reactive value read directly in an effect callback will not update. Move it into a tracking scope (JSX, a memo, or an effect's compute function).
[STRICT_READ_UNTRACKED] Reactive value read directly in an effect callback will not update. Move it into a tracking scope (JSX, a memo, or an effect's compute function).
[STRICT_READ_UNTRACKED] Reactive value read directly in an effect callback will not update. Move it into a tracking scope (JSX, a memo, or an effect's compute function).
[STRICT_READ_UNTRACKED] Reactive value read directly in an effect callback will not update. Move it into a tracking scope (JSX, a memo, or an effect's compute function).
[STRICT_READ_UNTRACKED] Reactive value read directly in an effect callback will not update. Move it into a tracking scope (JSX, a memo, or an effect's compute function).
[STRICT_READ_UNTRACKED] Reactive value read directly in an effect callback will not update. Move it into a tracking scope (JSX, a memo, or an effect's compute function).
[STRICT_READ_UNTRACKED] Reactive value read directly in an effect callback will not update. Move it into a tracking scope (JSX, a memo, or an effect's compute function).
[STRICT_READ_UNTRACKED] Reactive value read directly in an effect callback will not update. Move it into a tracking scope (JSX, a memo, or an effect's compute function).
[STRICT_READ_UNTRACKED] Reactive value read directly in an effect callback will not update. Move it into a tracking scope (JSX, a memo, or an effect's compute function).
[STRICT_READ_UNTRACKED] Reactive value read directly in an effect callback will not update. Move it into a tracking scope (JSX, a memo, or an effect's compute function).
[STRICT_READ_UNTRACKED] Reactive value read directly in an effect callback will not update. Move it into a tracking scope (JSX, a memo, or an effect's compute function).
[STRICT_READ_UNTRACKED] Reactive value read directly in an effect callback will not update. Move it into a tracking scope (JSX, a memo, or an effect's compute function).
[STRICT_READ_UNTRACKED] Reactive value read directly in an effect callback will not update. Move it into a tracking scope (JSX, a memo, or an effect's compute function).
[STRICT_READ_UNTRACKED] Reactive value read directly in an effect callback will not update. Move it into a tracking scope (JSX, a memo, or an effect's compute function).
[STRICT_READ_UNTRACKED] Reactive value read directly in an effect callback will not update. Move it into a tracking scope (JSX, a memo, or an effect's compute function).
[STRICT_READ_UNTRACKED] Reactive value read directly in an effect callback will not update. Move it into a tracking scope (JSX, a memo, or an effect's compute function).
[STRICT_READ_UNTRACKED] Reactive value read directly in an effect callback will not update. Move it into a tracking scope (JSX, a memo, or an effect's compute function).
[STRICT_READ_UNTRACKED] Reactive value read directly in an effect callback will not update. Move it into a tracking scope (JSX, a memo, or an effect's compute function).
[STRICT_READ_UNTRACKED] Reactive value read directly in an effect callback will not update. Move it into a tracking scope (JSX, a memo, or an effect's compute function).
[STRICT_READ_UNTRACKED] Reactive value read directly in an effect callback will not update. Move it into a tracking scope (JSX, a memo, or an effect's compute function).
[STRICT_READ_UNTRACKED] Reactive value read directly in an effect callback will not update. Move it into a tracking scope (JSX, a memo, or an effect's compute function).
[STRICT_READ_UNTRACKED] Reactive value read directly in an effect callback will not update. Move it into a tracking scope (JSX, a memo, or an effect's compute function).
[STRICT_READ_UNTRACKED] Reactive value read directly in an effect callback will not update. Move it into a tracking scope (JSX, a memo, or an effect's compute function).

·stderr | render/Button/props.test.tsx > [button.link.blocked] false / true
[STRICT_READ_UNTRACKED] Reactive value read directly in <[solid-refresh]Button> will not update. Move it into a tracking scope (JSX, a memo, or an effect's compute function).
[STRICT_READ_UNTRACKED] Reactive value read directly in <[solid-refresh]Button> will not update. Move it into a tracking scope (JSX, a memo, or an effect's compute function).
[STRICT_READ_UNTRACKED] Reactive value read directly in <[solid-refresh]Button> will not update. Move it into a tracking scope (JSX, a memo, or an effect's compute function).
[STRICT_READ_UNTRACKED] Reactive value read directly in <[solid-refresh]Button> will not update. Move it into a tracking scope (JSX, a memo, or an effect's compute function).

stderr | render/Button/props.test.tsx > [button.link.blocked] true / true
[STRICT_READ_UNTRACKED] Reactive value read directly in <[solid-refresh]Button> will not update. Move it into a tracking scope (JSX, a memo, or an effect's compute function).
[STRICT_READ_UNTRACKED] Reactive value read directly in <[solid-refresh]Button> will not update. Move it into a tracking scope (JSX, a memo, or an effect's compute function).
[STRICT_READ_UNTRACKED] Reactive value read directly in <[solid-refresh]Button> will not update. Move it into a tracking scope (JSX, a memo, or an effect's compute function).
[STRICT_READ_UNTRACKED] Reactive value read directly in <[solid-refresh]Button> will not update. Move it into a tracking scope (JSX, a memo, or an effect's compute function).

stderr | render/Button/props.test.tsx > [button.wave] outlined
[STRICT_READ_UNTRACKED] Reactive value read directly in <[solid-refresh]Button> will not update. Move it into a tracking scope (JSX, a memo, or an effect's compute function).
[STRICT_READ_UNTRACKED] Reactive value read directly in <[solid-refresh]Button> will not update. Move it into a tracking scope (JSX, a memo, or an effect's compute function).
[STRICT_READ_UNTRACKED] Reactive value read directly in <[solid-refresh]Button> will not update. Move it into a tracking scope (JSX, a memo, or an effect's compute function).

stderr | render/Input/regression.test.tsx > [input.clear.guard] custom clear respects {"defaultValue":""}
[STRICT_READ_UNTRACKED] Reactive value read directly in <[solid-refresh]Input> will not update. Move it into a tracking scope (JSX, a memo, or an effect's compute function).

stderr | render/Button/props.test.tsx > [button.wave] solid
[STRICT_READ_UNTRACKED] Reactive value read directly in <[solid-refresh]Button> will not update. Move it into a tracking scope (JSX, a memo, or an effect's compute function).
[STRICT_READ_UNTRACKED] Reactive value read directly in <[solid-refresh]Button> will not update. Move it into a tracking scope (JSX, a memo, or an effect's compute function).
[STRICT_READ_UNTRACKED] Reactive value read directly in <[solid-refresh]Button> will not update. Move it into a tracking scope (JSX, a memo, or an effect's compute function).

stderr | render/Button/props.test.tsx > [button.wave] filled
[STRICT_READ_UNTRACKED] Reactive value read directly in <[solid-refresh]Button> will not update. Move it into a tracking scope (JSX, a memo, or an effect's compute function).
[STRICT_READ_UNTRACKED] Reactive value read directly in <[solid-refresh]Button> will not update. Move it into a tracking scope (JSX, a memo, or an effect's compute function).
[STRICT_READ_UNTRACKED] Reactive value read directly in <[solid-refresh]Button> will not update. Move it into a tracking scope (JSX, a memo, or an effect's compute function).

stderr | render/Input/regression.test.tsx > [input.clear.guard] custom clear respects {"defaultValue":"x","disabled":true}
[STRICT_READ_UNTRACKED] Reactive value read directly in <[solid-refresh]Input> will not update. Move it into a tracking scope (JSX, a memo, or an effect's compute function).

stderr | render/Button/props.test.tsx > [button.wave] dashed
[STRICT_READ_UNTRACKED] Reactive value read directly in <[solid-refresh]Button> will not update. Move it into a tracking scope (JSX, a memo, or an effect's compute function).
[STRICT_READ_UNTRACKED] Reactive value read directly in <[solid-refresh]Button> will not update. Move it into a tracking scope (JSX, a memo, or an effect's compute function).
[STRICT_READ_UNTRACKED] Reactive value read directly in <[solid-refresh]Button> will not update. Move it into a tracking scope (JSX, a memo, or an effect's compute function).

stderr | render/Button/props.test.tsx > [button.wave] text
[STRICT_READ_UNTRACKED] Reactive value read directly in <[solid-refresh]Button> will not update. Move it into a tracking scope (JSX, a memo, or an effect's compute function).
[STRICT_READ_UNTRACKED] Reactive value read directly in <[solid-refresh]Button> will not update. Move it into a tracking scope (JSX, a memo, or an effect's compute function).
[STRICT_READ_UNTRACKED] Reactive value read directly in <[solid-refresh]Button> will not update. Move it into a tracking scope (JSX, a memo, or an effect's compute function).

stderr | render/Input/regression.test.tsx > [input.clear.guard] custom clear respects {"defaultValue":"x","readonly":true}
[STRICT_READ_UNTRACKED] Reactive value read directly in <[solid-refresh]Input> will not update. Move it into a tracking scope (JSX, a memo, or an effect's compute function).

stderr | render/Button/props.test.tsx > [button.wave] link
[STRICT_READ_UNTRACKED] Reactive value read directly in <[solid-refresh]Button> will not update. Move it into a tracking scope (JSX, a memo, or an effect's compute function).
[STRICT_READ_UNTRACKED] Reactive value read directly in <[solid-refresh]Button> will not update. Move it into a tracking scope (JSX, a memo, or an effect's compute function).
[STRICT_READ_UNTRACKED] Reactive value read directly in <[solid-refresh]Button> will not update. Move it into a tracking scope (JSX, a memo, or an effect's compute function).

stderr | render/Button/props.test.tsx > [button.empty.native] supports empty content and reactive attributes
[STRICT_READ_UNTRACKED] Reactive value read directly in <[solid-refresh]Button> will not update. Move it into a tracking scope (JSX, a memo, or an effect's compute function).
[STRICT_READ_UNTRACKED] Reactive value read directly in <[solid-refresh]Button> will not update. Move it into a tracking scope (JSX, a memo, or an effect's compute function).
[STRICT_READ_UNTRACKED] Reactive value read directly in <[solid-refresh]Button> will not update. Move it into a tracking scope (JSX, a memo, or an effect's compute function).
[STRICT_READ_UNTRACKED] Reactive value read directly in <[solid-refresh]Button> will not update. Move it into a tracking scope (JSX, a memo, or an effect's compute function).

stderr | render/Input/regression.test.tsx > [input.ime.commit] commits once and forwards compositionEnd
[STRICT_READ_UNTRACKED] Reactive value read directly in <[solid-refresh]Input> will not update. Move it into a tracking scope (JSX, a memo, or an effect's compute function).

·································xx····xxx·······stderr | render/Input/regression.test.tsx > [input.search.clear] emits both change and clear search
[STRICT_READ_UNTRACKED] Reactive value read directly in <[solid-refresh]Input> will not update. Move it into a tracking scope (JSX, a memo, or an effect's compute function).

stderr | render/Input/contracts.test.tsx > [input.appearance.small] size/status/affixes
[STRICT_READ_UNTRACKED] Reactive value read directly in <[solid-refresh]Input> will not update. Move it into a tracking scope (JSX, a memo, or an effect's compute function).

stderr | render/Input/contracts.test.tsx > [input.appearance.middle] size/status/affixes
[STRICT_READ_UNTRACKED] Reactive value read directly in <[solid-refresh]Input> will not update. Move it into a tracking scope (JSX, a memo, or an effect's compute function).

stderr | render/Input/contracts.test.tsx > [input.appearance.large] size/status/affixes
[STRICT_READ_UNTRACKED] Reactive value read directly in <[solid-refresh]Input> will not update. Move it into a tracking scope (JSX, a memo, or an effect's compute function).

stderr | render/Input/contracts.test.tsx > [input.affix.dynamic] stable focused input
[STRICT_READ_UNTRACKED] Reactive value read directly in <[solid-refresh]Input> will not update. Move it into a tracking scope (JSX, a memo, or an effect's compute function).

stderr | smoke/Form/exports.test.tsx > [form.exports.mount] public Form, FormItem and FormList mount together
[STRICT_READ_UNTRACKED] Reactive value read directly in <[solid-refresh]Form> will not update. Move it into a tracking scope (JSX, a memo, or an effect's compute function).

stderr | render/Input/regression.test.tsx > [input.textarea.cleanup] removes autosize mirror
[STRICT_READ_UNTRACKED] Reactive value read directly in <[solid-refresh]TextArea> will not update. Move it into a tracking scope (JSX, a memo, or an effect's compute function).
[STRICT_READ_UNTRACKED] Reactive value read directly in an effect callback will not update. Move it into a tracking scope (JSX, a memo, or an effect's compute function).

stderr | render/Input/regression.test.tsx > [input.controlled.reject] restores the DOM value
[STRICT_READ_UNTRACKED] Reactive value read directly in <[solid-refresh]Input> will not update. Move it into a tracking scope (JSX, a memo, or an effect's compute function).

stderr | render/Input/contracts.test.tsx > [input.clear.keyboard] custom icon and readonly
[STRICT_READ_UNTRACKED] Reactive value read directly in <[solid-refresh]Input> will not update. Move it into a tracking scope (JSX, a memo, or an effect's compute function).

stderr | render/Input/contracts.test.tsx > [input.count.formatter] custom and disabled count
[STRICT_READ_UNTRACKED] Reactive value read directly in <[solid-refresh]Input> will not update. Move it into a tracking scope (JSX, a memo, or an effect's compute function).

·stderr | render/Select/contracts.test.tsx > [select.single.close] picking an option closes the trigger layer
[STRICT_READ_UNTRACKED] Reactive value read directly in <[solid-refresh]Select> will not update. Move it into a tracking scope (JSX, a memo, or an effect's compute function).
[STRICT_READ_UNTRACKED] Reactive value read directly in <[solid-refresh]Select> will not update. Move it into a tracking scope (JSX, a memo, or an effect's compute function).
[STRICT_READ_UNTRACKED] Reactive value read directly in <[solid-refresh]Select> will not update. Move it into a tracking scope (JSX, a memo, or an effect's compute function).
[STRICT_READ_UNTRACKED] Reactive value read directly in an effect callback will not update. Move it into a tracking scope (JSX, a memo, or an effect's compute function).
[STRICT_READ_UNTRACKED] Reactive value read directly in an effect callback will not update. Move it into a tracking scope (JSX, a memo, or an effect's compute function).
[STRICT_READ_UNTRACKED] Reactive value read directly in an effect callback will not update. Move it into a tracking scope (JSX, a memo, or an effect's compute function).
[STRICT_READ_UNTRACKED] Reactive value read directly in an effect callback will not update. Move it into a tracking scope (JSX, a memo, or an effect's compute function).
[STRICT_READ_UNTRACKED] Reactive value read directly in an effect callback will not update. Move it into a tracking scope (JSX, a memo, or an effect's compute function).
[STRICT_READ_UNTRACKED] Reactive value read directly in an effect callback will not update. Move it into a tracking scope (JSX, a memo, or an effect's compute function).
[STRICT_READ_UNTRACKED] Reactive value read directly in an effect callback will not update. Move it into a tracking scope (JSX, a memo, or an effect's compute function).
[STRICT_READ_UNTRACKED] Reactive value read directly in an effect callback will not update. Move it into a tracking scope (JSX, a memo, or an effect's compute function).
[STRICT_READ_UNTRACKED] Reactive value read directly in an effect callback will not update. Move it into a tracking scope (JSX, a memo, or an effect's compute function).
[STRICT_READ_UNTRACKED] Reactive value read directly in an effect callback will not update. Move it into a tracking scope (JSX, a memo, or an effect's compute function).
[STRICT_READ_UNTRACKED] Reactive value read directly in an effect callback will not update. Move it into a tracking scope (JSX, a memo, or an effect's compute function).
[STRICT_READ_UNTRACKED] Reactive value read directly in an effect callback will not update. Move it into a tracking scope (JSX, a memo, or an effect's compute function).
[STRICT_READ_UNTRACKED] Reactive value read directly in an effect callback will not update. Move it into a tracking scope (JSX, a memo, or an effect's compute function).
[STRICT_READ_UNTRACKED] Reactive value read directly in an effect callback will not update. Move it into a tracking scope (JSX, a memo, or an effect's compute function).
[STRICT_READ_UNTRACKED] Reactive value read directly in an effect callback will not update. Move it into a tracking scope (JSX, a memo, or an effect's compute function).
[STRICT_READ_UNTRACKED] Reactive value read directly in an effect callback will not update. Move it into a tracking scope (JSX, a memo, or an effect's compute function).
[STRICT_READ_UNTRACKED] Reactive value read directly in an effect callback will not update. Move it into a tracking scope (JSX, a memo, or an effect's compute function).
[STRICT_READ_UNTRACKED] Reactive value read directly in an effect callback will not update. Move it into a tracking scope (JSX, a memo, or an effect's compute function).
[STRICT_READ_UNTRACKED] Reactive value read directly in an effect callback will not update. Move it into a tracking scope (JSX, a memo, or an effect's compute function).
[STRICT_READ_UNTRACKED] Reactive value read directly in an effect callback will not update. Move it into a tracking scope (JSX, a memo, or an effect's compute function).
[STRICT_READ_UNTRACKED] Reactive value read directly in an effect callback will not update. Move it into a tracking scope (JSX, a memo, or an effect's compute function).
[STRICT_READ_UNTRACKED] Reactive value read directly in an effect callback will not update. Move it into a tracking scope (JSX, a memo, or an effect's compute function).
[STRICT_READ_UNTRACKED] Reactive value read directly in an effect callback will not update. Move it into a tracking scope (JSX, a memo, or an effect's compute function).
[STRICT_READ_UNTRACKED] Reactive value read directly in an effect callback will not update. Move it into a tracking scope (JSX, a memo, or an effect's compute function).
[STRICT_READ_UNTRACKED] Reactive value read directly in an effect callback will not update. Move it into a tracking scope (JSX, a memo, or an effect's compute function).
[STRICT_READ_UNTRACKED] Reactive value read directly in an effect callback will not update. Move it into a tracking scope (JSX, a memo, or an effect's compute function).
[STRICT_READ_UNTRACKED] Reactive value read directly in an effect callback will not update. Move it into a tracking scope (JSX, a memo, or an effect's compute function).
[STRICT_READ_UNTRACKED] Reactive value read directly in an effect callback will not update. Move it into a tracking scope (JSX, a memo, or an effect's compute function).
[STRICT_READ_UNTRACKED] Reactive value read directly in an effect callback will not update. Move it into a tracking scope (JSX, a memo, or an effect's compute function).
[STRICT_READ_UNTRACKED] Reactive value read directly in an effect callback will not update. Move it into a tracking scope (JSX, a memo, or an effect's compute function).
[STRICT_READ_UNTRACKED] Reactive value read directly in an effect callback will not update. Move it into a tracking scope (JSX, a memo, or an effect's compute function).
[STRICT_READ_UNTRACKED] Reactive value read directly in an effect callback will not update. Move it into a tracking scope (JSX, a memo, or an effect's compute function).

·······stderr | render/Input/contracts.test.tsx > [input.context.precedence] reactive field injection and explicit override
[STRICT_READ_UNTRACKED] Reactive value read directly in <[solid-refresh]Input> will not update. Move it into a tracking scope (JSX, a memo, or an effect's compute function).
[STRICT_READ_UNTRACKED] Reactive value read directly in <[solid-refresh]Input> will not update. Move it into a tracking scope (JSX, a memo, or an effect's compute function).

stderr | render/Form/contracts.test.tsx > [form.render.field] injects value, id, status and reset through Form.Item
[STRICT_READ_UNTRACKED] Reactive value read directly in <[solid-refresh]Input> will not update. Move it into a tracking scope (JSX, a memo, or an effect's compute function).

stderr | render/Select/contracts.test.tsx > [select.keyboard.search] arrow key from search input moves once
[STRICT_READ_UNTRACKED] Reactive value read directly in <[solid-refresh]Select> will not update. Move it into a tracking scope (JSX, a memo, or an effect's compute function).
[STRICT_READ_UNTRACKED] Reactive value read directly in <[solid-refresh]Select> will not update. Move it into a tracking scope (JSX, a memo, or an effect's compute function).
[STRICT_READ_UNTRACKED] Reactive value read directly in <[solid-refresh]Select> will not update. Move it into a tracking scope (JSX, a memo, or an effect's compute function).
[STRICT_READ_UNTRACKED] Reactive value read directly in an effect callback will not update. Move it into a tracking scope (JSX, a memo, or an effect's compute function).
[STRICT_READ_UNTRACKED] Reactive value read directly in an effect callback will not update. Move it into a tracking scope (JSX, a memo, or an effect's compute function).
[STRICT_READ_UNTRACKED] Reactive value read directly in an effect callback will not update. Move it into a tracking scope (JSX, a memo, or an effect's compute function).
[STRICT_READ_UNTRACKED] Reactive value read directly in an effect callback will not update. Move it into a tracking scope (JSX, a memo, or an effect's compute function).
[STRICT_READ_UNTRACKED] Reactive value read directly in an effect callback will not update. Move it into a tracking scope (JSX, a memo, or an effect's compute function).
[STRICT_READ_UNTRACKED] Reactive value read directly in an effect callback will not update. Move it into a tracking scope (JSX, a memo, or an effect's compute function).
[STRICT_READ_UNTRACKED] Reactive value read directly in an effect callback will not update. Move it into a tracking scope (JSX, a memo, or an effect's compute function).
[STRICT_READ_UNTRACKED] Reactive value read directly in an effect callback will not update. Move it into a tracking scope (JSX, a memo, or an effect's compute function).
[STRICT_READ_UNTRACKED] Reactive value read directly in an effect callback will not update. Move it into a tracking scope (JSX, a memo, or an effect's compute function).
[STRICT_READ_UNTRACKED] Reactive value read directly in an effect callback will not update. Move it into a tracking scope (JSX, a memo, or an effect's compute function).
[STRICT_READ_UNTRACKED] Reactive value read directly in an effect callback will not update. Move it into a tracking scope (JSX, a memo, or an effect's compute function).
[STRICT_READ_UNTRACKED] Reactive value read directly in an effect callback will not update. Move it into a tracking scope (JSX, a memo, or an effect's compute function).
[STRICT_READ_UNTRACKED] Reactive value read directly in an effect callback will not update. Move it into a tracking scope (JSX, a memo, or an effect's compute function).
[STRICT_READ_UNTRACKED] Reactive value read directly in an effect callback will not update. Move it into a tracking scope (JSX, a memo, or an effect's compute function).
[STRICT_READ_UNTRACKED] Reactive value read directly in an effect callback will not update. Move it into a tracking scope (JSX, a memo, or an effect's compute function).
[STRICT_READ_UNTRACKED] Reactive value read directly in an effect callback will not update. Move it into a tracking scope (JSX, a memo, or an effect's compute function).
[STRICT_READ_UNTRACKED] Reactive value read directly in an effect callback will not update. Move it into a tracking scope (JSX, a memo, or an effect's compute function).
[STRICT_READ_UNTRACKED] Reactive value read directly in an effect callback will not update. Move it into a tracking scope (JSX, a memo, or an effect's compute function).
[STRICT_READ_UNTRACKED] Reactive value read directly in an effect callback will not update. Move it into a tracking scope (JSX, a memo, or an effect's compute function).
[STRICT_READ_UNTRACKED] Reactive value read directly in an effect callback will not update. Move it into a tracking scope (JSX, a memo, or an effect's compute function).
[STRICT_READ_UNTRACKED] Reactive value read directly in an effect callback will not update. Move it into a tracking scope (JSX, a memo, or an effect's compute function).
[STRICT_READ_UNTRACKED] Reactive value read directly in an effect callback will not update. Move it into a tracking scope (JSX, a memo, or an effect's compute function).
[STRICT_READ_UNTRACKED] Reactive value read directly in an effect callback will not update. Move it into a tracking scope (JSX, a memo, or an effect's compute function).
[STRICT_READ_UNTRACKED] Reactive value read directly in an effect callback will not update. Move it into a tracking scope (JSX, a memo, or an effect's compute function).
[STRICT_READ_UNTRACKED] Reactive value read directly in an effect callback will not update. Move it into a tracking scope (JSX, a memo, or an effect's compute function).
[STRICT_READ_UNTRACKED] Reactive value read directly in an effect callback will not update. Move it into a tracking scope (JSX, a memo, or an effect's compute function).
[STRICT_READ_UNTRACKED] Reactive value read directly in an effect callback will not update. Move it into a tracking scope (JSX, a memo, or an effect's compute function).
[STRICT_READ_UNTRACKED] Reactive value read directly in an effect callback will not update. Move it into a tracking scope (JSX, a memo, or an effect's compute function).
[STRICT_READ_UNTRACKED] Reactive value read directly in an effect callback will not update. Move it into a tracking scope (JSX, a memo, or an effect's compute function).
[STRICT_READ_UNTRACKED] Reactive value read directly in an effect callback will not update. Move it into a tracking scope (JSX, a memo, or an effect's compute function).
[STRICT_READ_UNTRACKED] Reactive value read directly in an effect callback will not update. Move it into a tracking scope (JSX, a memo, or an effect's compute function).
[STRICT_READ_UNTRACKED] Reactive value read directly in an effect callback will not update. Move it into a tracking scope (JSX, a memo, or an effect's compute function).
[STRICT_READ_UNTRACKED] Reactive value read directly in an effect callback will not update. Move it into a tracking scope (JSX, a memo, or an effect's compute function).
[STRICT_READ_UNTRACKED] Reactive value read directly in an effect callback will not update. Move it into a tracking scope (JSX, a memo, or an effect's compute function).
[STRICT_READ_UNTRACKED] Reactive value read directly in an effect callback will not update. Move it into a tracking scope (JSX, a memo, or an effect's compute function).
[STRICT_READ_UNTRACKED] Reactive value read directly in an effect callback will not update. Move it into a tracking scope (JSX, a memo, or an effect's compute function).
[STRICT_READ_UNTRACKED] Reactive value read directly in an effect callback will not update. Move it into a tracking scope (JSX, a memo, or an effect's compute function).
[STRICT_READ_UNTRACKED] Reactive value read directly in an effect callback will not update. Move it into a tracking scope (JSX, a memo, or an effect's compute function).
[STRICT_READ_UNTRACKED] Reactive value read directly in an effect callback will not update. Move it into a tracking scope (JSX, a memo, or an effect's compute function).
[STRICT_READ_UNTRACKED] Reactive value read directly in an effect callback will not update. Move it into a tracking scope (JSX, a memo, or an effect's compute function).
[STRICT_READ_UNTRACKED] Reactive value read directly in an effect callback will not update. Move it into a tracking scope (JSX, a memo, or an effect's compute function).
[STRICT_READ_UNTRACKED] Reactive value read directly in an effect callback will not update. Move it into a tracking scope (JSX, a memo, or an effect's compute function).
[STRICT_READ_UNTRACKED] Reactive value read directly in an effect callback will not update. Move it into a tracking scope (JSX, a memo, or an effect's compute function).
[STRICT_READ_UNTRACKED] Reactive value read directly in an effect callback will not update. Move it into a tracking scope (JSX, a memo, or an effect's compute function).
[STRICT_READ_UNTRACKED] Reactive value read directly in an effect callback will not update. Move it into a tracking scope (JSX, a memo, or an effect's compute function).
[STRICT_READ_UNTRACKED] Reactive value read directly in an effect callback will not update. Move it into a tracking scope (JSX, a memo, or an effect's compute function).
[STRICT_READ_UNTRACKED] Reactive value read directly in an effect callback will not update. Move it into a tracking scope (JSX, a memo, or an effect's compute function).
[STRICT_READ_UNTRACKED] Reactive value read directly in an effect callback will not update. Move it into a tracking scope (JSX, a memo, or an effect's compute function).
[STRICT_READ_UNTRACKED] Reactive value read directly in an effect callback will not update. Move it into a tracking scope (JSX, a memo, or an effect's compute function).
[STRICT_READ_UNTRACKED] Reactive value read directly in an effect callback will not update. Move it into a tracking scope (JSX, a memo, or an effect's compute function).
[STRICT_READ_UNTRACKED] Reactive value read directly in an effect callback will not update. Move it into a tracking scope (JSX, a memo, or an effect's compute function).
[STRICT_READ_UNTRACKED] Reactive value read directly in an effect callback will not update. Move it into a tracking scope (JSX, a memo, or an effect's compute function).
[STRICT_READ_UNTRACKED] Reactive value read directly in an effect callback will not update. Move it into a tracking scope (JSX, a memo, or an effect's compute function).

stderr | render/Input/contracts.test.tsx > [input.context.global] global disabled applies to actions
[STRICT_READ_UNTRACKED] Reactive value read directly in <[solid-refresh]Input> will not update. Move it into a tracking scope (JSX, a memo, or an effect's compute function).
[STRICT_READ_UNTRACKED] Reactive value read directly in <[solid-refresh]Input> will not update. Move it into a tracking scope (JSX, a memo, or an effect's compute function).
[STRICT_READ_UNTRACKED] Reactive value read directly in <[solid-refresh]Input> will not update. Move it into a tracking scope (JSX, a memo, or an effect's compute function).
[STRICT_READ_UNTRACKED] Reactive value read directly in <[solid-refresh]Input> will not update. Move it into a tracking scope (JSX, a memo, or an effect's compute function).

stderr | render/Input/contracts.test.tsx > [input.password.toggle] click keyboard and toggle flag
[STRICT_READ_UNTRACKED] Reactive value read directly in <[solid-refresh]Input> will not update. Move it into a tracking scope (JSX, a memo, or an effect's compute function).
[STRICT_READ_UNTRACKED] Reactive value read directly in <[solid-refresh]Input> will not update. Move it into a tracking scope (JSX, a memo, or an effect's compute function).

stderr | render/Input/contracts.test.tsx > [input.password.hover-controlled] hover restore and controlled refusal
[STRICT_READ_UNTRACKED] Reactive value read directly in <[solid-refresh]Input> will not update. Move it into a tracking scope (JSX, a memo, or an effect's compute function).
[STRICT_READ_UNTRACKED] Reactive value read directly in <[solid-refresh]Input> will not update. Move it into a tracking scope (JSX, a memo, or an effect's compute function).

stderr | render/Select/contracts.test.tsx > [select.form.field] injected value and onChange update selection
[STRICT_READ_UNTRACKED] Reactive value read directly in <[solid-refresh]Select> will not update. Move it into a tracking scope (JSX, a memo, or an effect's compute function).
[STRICT_READ_UNTRACKED] Reactive value read directly in <[solid-refresh]Select> will not update. Move it into a tracking scope (JSX, a memo, or an effect's compute function).
[STRICT_READ_UNTRACKED] Reactive value read directly in <[solid-refresh]Select> will not update. Move it into a tracking scope (JSX, a memo, or an effect's compute function).
[STRICT_READ_UNTRACKED] Reactive value read directly in an effect callback will not update. Move it into a tracking scope (JSX, a memo, or an effect's compute function).
[STRICT_READ_UNTRACKED] Reactive value read directly in an effect callback will not update. Move it into a tracking scope (JSX, a memo, or an effect's compute function).
[STRICT_READ_UNTRACKED] Reactive value read directly in an effect callback will not update. Move it into a tracking scope (JSX, a memo, or an effect's compute function).
[STRICT_READ_UNTRACKED] Reactive value read directly in an effect callback will not update. Move it into a tracking scope (JSX, a memo, or an effect's compute function).
[STRICT_READ_UNTRACKED] Reactive value read directly in an effect callback will not update. Move it into a tracking scope (JSX, a memo, or an effect's compute function).
[STRICT_READ_UNTRACKED] Reactive value read directly in an effect callback will not update. Move it into a tracking scope (JSX, a memo, or an effect's compute function).
[STRICT_READ_UNTRACKED] Reactive value read directly in an effect callback will not update. Move it into a tracking scope (JSX, a memo, or an effect's compute function).
[STRICT_READ_UNTRACKED] Reactive value read directly in an effect callback will not update. Move it into a tracking scope (JSX, a memo, or an effect's compute function).
[STRICT_READ_UNTRACKED] Reactive value read directly in an effect callback will not update. Move it into a tracking scope (JSX, a memo, or an effect's compute function).
[STRICT_READ_UNTRACKED] Reactive value read directly in an effect callback will not update. Move it into a tracking scope (JSX, a memo, or an effect's compute function).
[STRICT_READ_UNTRACKED] Reactive value read directly in an effect callback will not update. Move it into a tracking scope (JSX, a memo, or an effect's compute function).
[STRICT_READ_UNTRACKED] Reactive value read directly in an effect callback will not update. Move it into a tracking scope (JSX, a memo, or an effect's compute function).
[STRICT_READ_UNTRACKED] Reactive value read directly in an effect callback will not update. Move it into a tracking scope (JSX, a memo, or an effect's compute function).
[STRICT_READ_UNTRACKED] Reactive value read directly in an effect callback will not update. Move it into a tracking scope (JSX, a memo, or an effect's compute function).
[STRICT_READ_UNTRACKED] Reactive value read directly in an effect callback will not update. Move it into a tracking scope (JSX, a memo, or an effect's compute function).
[STRICT_READ_UNTRACKED] Reactive value read directly in an effect callback will not update. Move it into a tracking scope (JSX, a memo, or an effect's compute function).
[STRICT_READ_UNTRACKED] Reactive value read directly in an effect callback will not update. Move it into a tracking scope (JSX, a memo, or an effect's compute function).
[STRICT_READ_UNTRACKED] Reactive value read directly in an effect callback will not update. Move it into a tracking scope (JSX, a memo, or an effect's compute function).
[STRICT_READ_UNTRACKED] Reactive value read directly in an effect callback will not update. Move it into a tracking scope (JSX, a memo, or an effect's compute function).
[STRICT_READ_UNTRACKED] Reactive value read directly in an effect callback will not update. Move it into a tracking scope (JSX, a memo, or an effect's compute function).
[STRICT_READ_UNTRACKED] Reactive value read directly in an effect callback will not update. Move it into a tracking scope (JSX, a memo, or an effect's compute function).
[STRICT_READ_UNTRACKED] Reactive value read directly in an effect callback will not update. Move it into a tracking scope (JSX, a memo, or an effect's compute function).
[STRICT_READ_UNTRACKED] Reactive value read directly in an effect callback will not update. Move it into a tracking scope (JSX, a memo, or an effect's compute function).
[STRICT_READ_UNTRACKED] Reactive value read directly in an effect callback will not update. Move it into a tracking scope (JSX, a memo, or an effect's compute function).
[STRICT_READ_UNTRACKED] Reactive value read directly in an effect callback will not update. Move it into a tracking scope (JSX, a memo, or an effect's compute function).
[STRICT_READ_UNTRACKED] Reactive value read directly in an effect callback will not update. Move it into a tracking scope (JSX, a memo, or an effect's compute function).
[STRICT_READ_UNTRACKED] Reactive value read directly in an effect callback will not update. Move it into a tracking scope (JSX, a memo, or an effect's compute function).
[STRICT_READ_UNTRACKED] Reactive value read directly in an effect callback will not update. Move it into a tracking scope (JSX, a memo, or an effect's compute function).
[STRICT_READ_UNTRACKED] Reactive value read directly in an effect callback will not update. Move it into a tracking scope (JSX, a memo, or an effect's compute function).
[STRICT_READ_UNTRACKED] Reactive value read directly in an effect callback will not update. Move it into a tracking scope (JSX, a memo, or an effect's compute function).
[STRICT_READ_UNTRACKED] Reactive value read directly in an effect callback will not update. Move it into a tracking scope (JSX, a memo, or an effect's compute function).
[STRICT_READ_UNTRACKED] Reactive value read directly in an effect callback will not update. Move it into a tracking scope (JSX, a memo, or an effect's compute function).

stderr | render/Select/contracts.test.tsx > [select.clear.button] click clears without toggling dropdown
[STRICT_READ_UNTRACKED] Reactive value read directly in <[solid-refresh]Select> will not update. Move it into a tracking scope (JSX, a memo, or an effect's compute function).
[STRICT_READ_UNTRACKED] Reactive value read directly in <[solid-refresh]Select> will not update. Move it into a tracking scope (JSX, a memo, or an effect's compute function).
[STRICT_READ_UNTRACKED] Reactive value read directly in <[solid-refresh]Select> will not update. Move it into a tracking scope (JSX, a memo, or an effect's compute function).
[STRICT_READ_UNTRACKED] Reactive value read directly in <[solid-refresh]Select> will not update. Move it into a tracking scope (JSX, a memo, or an effect's compute function).
[STRICT_READ_UNTRACKED] Reactive value read directly in an effect callback will not update. Move it into a tracking scope (JSX, a memo, or an effect's compute function).

stderr | render/Input/contracts.test.tsx > [input.search.modes] enterButton=true
[STRICT_READ_UNTRACKED] Reactive value read directly in <[solid-refresh]Button> will not update. Move it into a tracking scope (JSX, a memo, or an effect's compute function).
[STRICT_READ_UNTRACKED] Reactive value read directly in <[solid-refresh]Button> will not update. Move it into a tracking scope (JSX, a memo, or an effect's compute function).
[STRICT_READ_UNTRACKED] Reactive value read directly in <[solid-refresh]Button> will not update. Move it into a tracking scope (JSX, a memo, or an effect's compute function).
[STRICT_READ_UNTRACKED] Reactive value read directly in <[solid-refresh]Button> will not update. Move it into a tracking scope (JSX, a memo, or an effect's compute function).
[STRICT_READ_UNTRACKED] Reactive value read directly in <[solid-refresh]Button> will not update. Move it into a tracking scope (JSX, a memo, or an effect's compute function).
[STRICT_READ_UNTRACKED] Reactive value read directly in <[solid-refresh]Button> will not update. Move it into a tracking scope (JSX, a memo, or an effect's compute function).
[STRICT_READ_UNTRACKED] Reactive value read directly in <[solid-refresh]Button> will not update. Move it into a tracking scope (JSX, a memo, or an effect's compute function).

stderr | render/Form/contracts.test.tsx > [form.render.list] list rows write nested values and operations preserve submitted shape
[STRICT_READ_UNTRACKED] Reactive value read directly in an effect callback will not update. Move it into a tracking scope (JSX, a memo, or an effect's compute function).
[STRICT_READ_UNTRACKED] Reactive value read directly in an effect callback will not update. Move it into a tracking scope (JSX, a memo, or an effect's compute function).
[STRICT_READ_UNTRACKED] Reactive value read directly in <[solid-refresh]FormItem> will not update. Move it into a tracking scope (JSX, a memo, or an effect's compute function).
[STRICT_READ_UNTRACKED] Reactive value read directly in <[solid-refresh]FormItem> will not update. Move it into a tracking scope (JSX, a memo, or an effect's compute function).
[STRICT_READ_UNTRACKED] Reactive value read directly in <[solid-refresh]FormItem> will not update. Move it into a tracking scope (JSX, a memo, or an effect's compute function).
[STRICT_READ_UNTRACKED] Reactive value read directly in <[solid-refresh]FormItem> will not update. Move it into a tracking scope (JSX, a memo, or an effect's compute function).
[STRICT_READ_UNTRACKED] Reactive value read directly in <[solid-refresh]Input> will not update. Move it into a tracking scope (JSX, a memo, or an effect's compute function).
[STRICT_READ_UNTRACKED] Reactive value read directly in <[solid-refresh]FormItem> will not update. Move it into a tracking scope (JSX, a memo, or an effect's compute function).
[STRICT_READ_UNTRACKED] Reactive value read directly in <[solid-refresh]FormItem> will not update. Move it into a tracking scope (JSX, a memo, or an effect's compute function).
[STRICT_READ_UNTRACKED] Reactive value read directly in <[solid-refresh]FormItem> will not update. Move it into a tracking scope (JSX, a memo, or an effect's compute function).
[STRICT_READ_UNTRACKED] Reactive value read directly in <[solid-refresh]FormItem> will not update. Move it into a tracking scope (JSX, a memo, or an effect's compute function).
[STRICT_READ_UNTRACKED] Reactive value read directly in <[solid-refresh]Input> will not update. Move it into a tracking scope (JSX, a memo, or an effect's compute function).

stderr | render/Form/contracts.test.tsx > [form.render.list] surviving rows keep their DOM identity after removal
[STRICT_READ_UNTRACKED] Reactive value read directly in <[solid-refresh]Form> will not update. Move it into a tracking scope (JSX, a memo, or an effect's compute function).
[STRICT_READ_UNTRACKED] Reactive value read directly in <[solid-refresh]FormItem> will not update. Move it into a tracking scope (JSX, a memo, or an effect's compute function).
[STRICT_READ_UNTRACKED] Reactive value read directly in <[solid-refresh]FormItem> will not update. Move it into a tracking scope (JSX, a memo, or an effect's compute function).
[STRICT_READ_UNTRACKED] Reactive value read directly in <[solid-refresh]FormItem> will not update. Move it into a tracking scope (JSX, a memo, or an effect's compute function).
[STRICT_READ_UNTRACKED] Reactive value read directly in <[solid-refresh]FormItem> will not update. Move it into a tracking scope (JSX, a memo, or an effect's compute function).
[STRICT_READ_UNTRACKED] Reactive value read directly in <[solid-refresh]Input> will not update. Move it into a tracking scope (JSX, a memo, or an effect's compute function).
[STRICT_READ_UNTRACKED] Reactive value read directly in <[solid-refresh]FormItem> will not update. Move it into a tracking scope (JSX, a memo, or an effect's compute function).
[STRICT_READ_UNTRACKED] Reactive value read directly in <[solid-refresh]FormItem> will not update. Move it into a tracking scope (JSX, a memo, or an effect's compute function).
[STRICT_READ_UNTRACKED] Reactive value read directly in <[solid-refresh]FormItem> will not update. Move it into a tracking scope (JSX, a memo, or an effect's compute function).
[STRICT_READ_UNTRACKED] Reactive value read directly in <[solid-refresh]FormItem> will not update. Move it into a tracking scope (JSX, a memo, or an effect's compute function).
[STRICT_READ_UNTRACKED] Reactive value read directly in <[solid-refresh]Input> will not update. Move it into a tracking scope (JSX, a memo, or an effect's compute function).

stderr | render/Input/contracts.test.tsx > [input.search.modes] enterButton=查找
[STRICT_READ_UNTRACKED] Reactive value read directly in <[solid-refresh]Button> will not update. Move it into a tracking scope (JSX, a memo, or an effect's compute function).
[STRICT_READ_UNTRACKED] Reactive value read directly in <[solid-refresh]Button> will not update. Move it into a tracking scope (JSX, a memo, or an effect's compute function).
[STRICT_READ_UNTRACKED] Reactive value read directly in <[solid-refresh]Button> will not update. Move it into a tracking scope (JSX, a memo, or an effect's compute function).
[STRICT_READ_UNTRACKED] Reactive value read directly in <[solid-refresh]Button> will not update. Move it into a tracking scope (JSX, a memo, or an effect's compute function).
[STRICT_READ_UNTRACKED] Reactive value read directly in <[solid-refresh]Button> will not update. Move it into a tracking scope (JSX, a memo, or an effect's compute function).
[STRICT_READ_UNTRACKED] Reactive value read directly in <[solid-refresh]Button> will not update. Move it into a tracking scope (JSX, a memo, or an effect's compute function).
[STRICT_READ_UNTRACKED] Reactive value read directly in <[solid-refresh]Button> will not update. Move it into a tracking scope (JSX, a memo, or an effect's compute function).
[STRICT_READ_UNTRACKED] Reactive value read directly in <[solid-refresh]Button> will not update. Move it into a tracking scope (JSX, a memo, or an effect's compute function).

stderr | render/Input/contracts.test.tsx > [input.search.context] value and callback injection
[STRICT_READ_UNTRACKED] Reactive value read directly in <[solid-refresh]Input> will not update. Move it into a tracking scope (JSX, a memo, or an effect's compute function).

stderr | render/Form/contracts.test.tsx > [form.render.destroy] clearOnDestroy clears an externally owned form store
[STRICT_READ_UNTRACKED] Reactive value read directly in <[solid-refresh]Form> will not update. Move it into a tracking scope (JSX, a memo, or an effect's compute function).
[STRICT_READ_UNTRACKED] Reactive value read directly in <[solid-refresh]Input> will not update. Move it into a tracking scope (JSX, a memo, or an effect's compute function).

stderr | render/Form/contracts.test.tsx > [form.render.focus] retains the input node across typing and validation
[STRICT_READ_UNTRACKED] Reactive value read directly in <[solid-refresh]Form> will not update. Move it into a tracking scope (JSX, a memo, or an effect's compute function).
[STRICT_READ_UNTRACKED] Reactive value read directly in <[solid-refresh]Input> will not update. Move it into a tracking scope (JSX, a memo, or an effect's compute function).

stderr | render/Input/contracts.test.tsx > [input.textarea.props] native attributes count and clear
[STRICT_READ_UNTRACKED] Reactive value read directly in an effect callback will not update. Move it into a tracking scope (JSX, a memo, or an effect's compute function).
[STRICT_READ_UNTRACKED] Reactive value read directly in an effect callback will not update. Move it into a tracking scope (JSX, a memo, or an effect's compute function).

stderr | render/Form/contracts.test.tsx > [form.render.accessor] does not treat a JSX accessor as a field renderer
[STRICT_READ_UNTRACKED] Reactive value read directly in <[solid-refresh]Form> will not update. Move it into a tracking scope (JSX, a memo, or an effect's compute function).

stderr | render/Input/contracts.test.tsx > [input.textarea.dynamic] readonly disabled value and autosize cleanup
[STRICT_READ_UNTRACKED] Reactive value read directly in <[solid-refresh]TextArea> will not update. Move it into a tracking scope (JSX, a memo, or an effect's compute function).
[STRICT_READ_UNTRACKED] Reactive value read directly in an effect callback will not update. Move it into a tracking scope (JSX, a memo, or an effect's compute function).
[STRICT_READ_UNTRACKED] Reactive value read directly in an effect callback will not update. Move it into a tracking scope (JSX, a memo, or an effect's compute function).
[STRICT_READ_UNTRACKED] Reactive value read directly in an effect callback will not update. Move it into a tracking scope (JSX, a memo, or an effect's compute function).
[STRICT_READ_UNTRACKED] Reactive value read directly in an effect callback will not update. Move it into a tracking scope (JSX, a memo, or an effect's compute function).

stderr | render/Input/contracts.test.tsx > [input.search.dynamic-mode] switches modes without remounting input
[STRICT_READ_UNTRACKED] Reactive value read directly in <[solid-refresh]Input> will not update. Move it into a tracking scope (JSX, a memo, or an effect's compute function).
[STRICT_READ_UNTRACKED] Reactive value read directly in <[solid-refresh]Button> will not update. Move it into a tracking scope (JSX, a memo, or an effect's compute function).
[STRICT_READ_UNTRACKED] Reactive value read directly in <[solid-refresh]Button> will not update. Move it into a tracking scope (JSX, a memo, or an effect's compute function).
[STRICT_READ_UNTRACKED] Reactive value read directly in <[solid-refresh]Button> will not update. Move it into a tracking scope (JSX, a memo, or an effect's compute function).
[STRICT_READ_UNTRACKED] Reactive value read directly in <[solid-refresh]Button> will not update. Move it into a tracking scope (JSX, a memo, or an effect's compute function).
[STRICT_READ_UNTRACKED] Reactive value read directly in <[solid-refresh]Button> will not update. Move it into a tracking scope (JSX, a memo, or an effect's compute function).
[STRICT_READ_UNTRACKED] Reactive value read directly in <[solid-refresh]Button> will not update. Move it into a tracking scope (JSX, a memo, or an effect's compute function).
[STRICT_READ_UNTRACKED] Reactive value read directly in <[solid-refresh]Button> will not update. Move it into a tracking scope (JSX, a memo, or an effect's compute function).

stderr | render/Input/contracts.test.tsx > [input.textarea.resize-disposal] observes width and disconnects
[STRICT_READ_UNTRACKED] Reactive value read directly in <[solid-refresh]TextArea> will not update. Move it into a tracking scope (JSX, a memo, or an effect's compute function).

stderr | render/Form/contracts.test.tsx > [form.render.unique-id] isolates label associations across forms
[STRICT_READ_UNTRACKED] Reactive value read directly in <[solid-refresh]Form> will not update. Move it into a tracking scope (JSX, a memo, or an effect's compute function).
[STRICT_READ_UNTRACKED] Reactive value read directly in <[solid-refresh]Input> will not update. Move it into a tracking scope (JSX, a memo, or an effect's compute function).
[STRICT_READ_UNTRACKED] Reactive value read directly in <[solid-refresh]Form> will not update. Move it into a tracking scope (JSX, a memo, or an effect's compute function).
[STRICT_READ_UNTRACKED] Reactive value read directly in <[solid-refresh]Input> will not update. Move it into a tracking scope (JSX, a memo, or an effect's compute function).

···················stderr | render/Form/contracts.test.tsx > [form.render.feedback] renders one feedback slot beside clear and count
[STRICT_READ_UNTRACKED] Reactive value read directly in <[solid-refresh]Form> will not update. Move it into a tracking scope (JSX, a memo, or an effect's compute function).
[STRICT_READ_UNTRACKED] Reactive value read directly in <[solid-refresh]Input> will not update. Move it into a tracking scope (JSX, a memo, or an effect's compute function).

stderr | render/Form/contracts.test.tsx > [form.render.list-labels] updates row labels after moving without remounting
[STRICT_READ_UNTRACKED] Reactive value read directly in <[solid-refresh]Form> will not update. Move it into a tracking scope (JSX, a memo, or an effect's compute function).
[STRICT_READ_UNTRACKED] Reactive value read directly in <[solid-refresh]FormItem> will not update. Move it into a tracking scope (JSX, a memo, or an effect's compute function).
[STRICT_READ_UNTRACKED] Reactive value read directly in <[solid-refresh]FormItem> will not update. Move it into a tracking scope (JSX, a memo, or an effect's compute function).
[STRICT_READ_UNTRACKED] Reactive value read directly in <[solid-refresh]FormItem> will not update. Move it into a tracking scope (JSX, a memo, or an effect's compute function).
[STRICT_READ_UNTRACKED] Reactive value read directly in <[solid-refresh]FormItem> will not update. Move it into a tracking scope (JSX, a memo, or an effect's compute function).
[STRICT_READ_UNTRACKED] Reactive value read directly in <[solid-refresh]Input> will not update. Move it into a tracking scope (JSX, a memo, or an effect's compute function).
[STRICT_READ_UNTRACKED] Reactive value read directly in <[solid-refresh]FormItem> will not update. Move it into a tracking scope (JSX, a memo, or an effect's compute function).
[STRICT_READ_UNTRACKED] Reactive value read directly in <[solid-refresh]FormItem> will not update. Move it into a tracking scope (JSX, a memo, or an effect's compute function).
[STRICT_READ_UNTRACKED] Reactive value read directly in <[solid-refresh]FormItem> will not update. Move it into a tracking scope (JSX, a memo, or an effect's compute function).
[STRICT_READ_UNTRACKED] Reactive value read directly in <[solid-refresh]FormItem> will not update. Move it into a tracking scope (JSX, a memo, or an effect's compute function).
[STRICT_READ_UNTRACKED] Reactive value read directly in <[solid-refresh]Input> will not update. Move it into a tracking scope (JSX, a memo, or an effect's compute function).

stderr | render/Form/contracts.test.tsx > [form.render.container] respects the div container for an independent inner store
[STRICT_READ_UNTRACKED] Reactive value read directly in <[solid-refresh]Form> will not update. Move it into a tracking scope (JSX, a memo, or an effect's compute function).
[STRICT_READ_UNTRACKED] Reactive value read directly in <[solid-refresh]Form> will not update. Move it into a tracking scope (JSX, a memo, or an effect's compute function).
[STRICT_READ_UNTRACKED] Reactive value read directly in <[solid-refresh]Input> will not update. Move it into a tracking scope (JSX, a memo, or an effect's compute function).

stderr | render/Form/contracts.test.tsx > [form.render.reset-once] resets each field once per reset-button click
[STRICT_READ_UNTRACKED] Reactive value read directly in <[solid-refresh]Form> will not update. Move it into a tracking scope (JSX, a memo, or an effect's compute function).
[STRICT_READ_UNTRACKED] Reactive value read directly in <[solid-refresh]Input> will not update. Move it into a tracking scope (JSX, a memo, or an effect's compute function).
[STRICT_READ_UNTRACKED] Reactive value read directly in <[solid-refresh]Button> will not update. Move it into a tracking scope (JSX, a memo, or an effect's compute function).
[STRICT_READ_UNTRACKED] Reactive value read directly in <[solid-refresh]Button> will not update. Move it into a tracking scope (JSX, a memo, or an effect's compute function).
[STRICT_READ_UNTRACKED] Reactive value read directly in <[solid-refresh]Button> will not update. Move it into a tracking scope (JSX, a memo, or an effect's compute function).

·····································stderr | render/Select/contracts.test.tsx > [select.popup.content-width] popup uses content width with selector minimum
[STRICT_READ_UNTRACKED] Reactive value read directly in <[solid-refresh]Select> will not update. Move it into a tracking scope (JSX, a memo, or an effect's compute function).
[STRICT_READ_UNTRACKED] Reactive value read directly in <[solid-refresh]Select> will not update. Move it into a tracking scope (JSX, a memo, or an effect's compute function).
[STRICT_READ_UNTRACKED] Reactive value read directly in <[solid-refresh]Select> will not update. Move it into a tracking scope (JSX, a memo, or an effect's compute function).
[STRICT_READ_UNTRACKED] Reactive value read directly in an effect callback will not update. Move it into a tracking scope (JSX, a memo, or an effect's compute function).
[STRICT_READ_UNTRACKED] Reactive value read directly in an effect callback will not update. Move it into a tracking scope (JSX, a memo, or an effect's compute function).
[STRICT_READ_UNTRACKED] Reactive value read directly in an effect callback will not update. Move it into a tracking scope (JSX, a memo, or an effect's compute function).
[STRICT_READ_UNTRACKED] Reactive value read directly in an effect callback will not update. Move it into a tracking scope (JSX, a memo, or an effect's compute function).
[STRICT_READ_UNTRACKED] Reactive value read directly in an effect callback will not update. Move it into a tracking scope (JSX, a memo, or an effect's compute function).
[STRICT_READ_UNTRACKED] Reactive value read directly in an effect callback will not update. Move it into a tracking scope (JSX, a memo, or an effect's compute function).
[STRICT_READ_UNTRACKED] Reactive value read directly in an effect callback will not update. Move it into a tracking scope (JSX, a memo, or an effect's compute function).
[STRICT_READ_UNTRACKED] Reactive value read directly in an effect callback will not update. Move it into a tracking scope (JSX, a memo, or an effect's compute function).
[STRICT_READ_UNTRACKED] Reactive value read directly in an effect callback will not update. Move it into a tracking scope (JSX, a memo, or an effect's compute function).
[STRICT_READ_UNTRACKED] Reactive value read directly in an effect callback will not update. Move it into a tracking scope (JSX, a memo, or an effect's compute function).
[STRICT_READ_UNTRACKED] Reactive value read directly in an effect callback will not update. Move it into a tracking scope (JSX, a memo, or an effect's compute function).
[STRICT_READ_UNTRACKED] Reactive value read directly in an effect callback will not update. Move it into a tracking scope (JSX, a memo, or an effect's compute function).
[STRICT_READ_UNTRACKED] Reactive value read directly in an effect callback will not update. Move it into a tracking scope (JSX, a memo, or an effect's compute function).
[STRICT_READ_UNTRACKED] Reactive value read directly in an effect callback will not update. Move it into a tracking scope (JSX, a memo, or an effect's compute function).
[STRICT_READ_UNTRACKED] Reactive value read directly in an effect callback will not update. Move it into a tracking scope (JSX, a memo, or an effect's compute function).
[STRICT_READ_UNTRACKED] Reactive value read directly in an effect callback will not update. Move it into a tracking scope (JSX, a memo, or an effect's compute function).
[STRICT_READ_UNTRACKED] Reactive value read directly in an effect callback will not update. Move it into a tracking scope (JSX, a memo, or an effect's compute function).
[STRICT_READ_UNTRACKED] Reactive value read directly in an effect callback will not update. Move it into a tracking scope (JSX, a memo, or an effect's compute function).
[STRICT_READ_UNTRACKED] Reactive value read directly in an effect callback will not update. Move it into a tracking scope (JSX, a memo, or an effect's compute function).
[STRICT_READ_UNTRACKED] Reactive value read directly in an effect callback will not update. Move it into a tracking scope (JSX, a memo, or an effect's compute function).
[STRICT_READ_UNTRACKED] Reactive value read directly in an effect callback will not update. Move it into a tracking scope (JSX, a memo, or an effect's compute function).
[STRICT_READ_UNTRACKED] Reactive value read directly in an effect callback will not update. Move it into a tracking scope (JSX, a memo, or an effect's compute function).
[STRICT_READ_UNTRACKED] Reactive value read directly in an effect callback will not update. Move it into a tracking scope (JSX, a memo, or an effect's compute function).
[STRICT_READ_UNTRACKED] Reactive value read directly in an effect callback will not update. Move it into a tracking scope (JSX, a memo, or an effect's compute function).
[STRICT_READ_UNTRACKED] Reactive value read directly in an effect callback will not update. Move it into a tracking scope (JSX, a memo, or an effect's compute function).
[STRICT_READ_UNTRACKED] Reactive value read directly in an effect callback will not update. Move it into a tracking scope (JSX, a memo, or an effect's compute function).
[STRICT_READ_UNTRACKED] Reactive value read directly in an effect callback will not update. Move it into a tracking scope (JSX, a memo, or an effect's compute function).
[STRICT_READ_UNTRACKED] Reactive value read directly in an effect callback will not update. Move it into a tracking scope (JSX, a memo, or an effect's compute function).
[STRICT_READ_UNTRACKED] Reactive value read directly in an effect callback will not update. Move it into a tracking scope (JSX, a memo, or an effect's compute function).
[STRICT_READ_UNTRACKED] Reactive value read directly in an effect callback will not update. Move it into a tracking scope (JSX, a memo, or an effect's compute function).
[STRICT_READ_UNTRACKED] Reactive value read directly in an effect callback will not update. Move it into a tracking scope (JSX, a memo, or an effect's compute function).

stderr | render/Select/contracts.test.tsx > [select.popup.explicit-width] explicit selector width overrides content sizing
[STRICT_READ_UNTRACKED] Reactive value read directly in <[solid-refresh]Select> will not update. Move it into a tracking scope (JSX, a memo, or an effect's compute function).
[STRICT_READ_UNTRACKED] Reactive value read directly in <[solid-refresh]Select> will not update. Move it into a tracking scope (JSX, a memo, or an effect's compute function).
[STRICT_READ_UNTRACKED] Reactive value read directly in <[solid-refresh]Select> will not update. Move it into a tracking scope (JSX, a memo, or an effect's compute function).
[STRICT_READ_UNTRACKED] Reactive value read directly in an effect callback will not update. Move it into a tracking scope (JSX, a memo, or an effect's compute function).
[STRICT_READ_UNTRACKED] Reactive value read directly in an effect callback will not update. Move it into a tracking scope (JSX, a memo, or an effect's compute function).
[STRICT_READ_UNTRACKED] Reactive value read directly in an effect callback will not update. Move it into a tracking scope (JSX, a memo, or an effect's compute function).
[STRICT_READ_UNTRACKED] Reactive value read directly in an effect callback will not update. Move it into a tracking scope (JSX, a memo, or an effect's compute function).
[STRICT_READ_UNTRACKED] Reactive value read directly in an effect callback will not update. Move it into a tracking scope (JSX, a memo, or an effect's compute function).
[STRICT_READ_UNTRACKED] Reactive value read directly in an effect callback will not update. Move it into a tracking scope (JSX, a memo, or an effect's compute function).
[STRICT_READ_UNTRACKED] Reactive value read directly in an effect callback will not update. Move it into a tracking scope (JSX, a memo, or an effect's compute function).
[STRICT_READ_UNTRACKED] Reactive value read directly in an effect callback will not update. Move it into a tracking scope (JSX, a memo, or an effect's compute function).
[STRICT_READ_UNTRACKED] Reactive value read directly in an effect callback will not update. Move it into a tracking scope (JSX, a memo, or an effect's compute function).
[STRICT_READ_UNTRACKED] Reactive value read directly in an effect callback will not update. Move it into a tracking scope (JSX, a memo, or an effect's compute function).
[STRICT_READ_UNTRACKED] Reactive value read directly in an effect callback will not update. Move it into a tracking scope (JSX, a memo, or an effect's compute function).
[STRICT_READ_UNTRACKED] Reactive value read directly in an effect callback will not update. Move it into a tracking scope (JSX, a memo, or an effect's compute function).
[STRICT_READ_UNTRACKED] Reactive value read directly in an effect callback will not update. Move it into a tracking scope (JSX, a memo, or an effect's compute function).
[STRICT_READ_UNTRACKED] Reactive value read directly in an effect callback will not update. Move it into a tracking scope (JSX, a memo, or an effect's compute function).
[STRICT_READ_UNTRACKED] Reactive value read directly in an effect callback will not update. Move it into a tracking scope (JSX, a memo, or an effect's compute function).
[STRICT_READ_UNTRACKED] Reactive value read directly in an effect callback will not update. Move it into a tracking scope (JSX, a memo, or an effect's compute function).
[STRICT_READ_UNTRACKED] Reactive value read directly in an effect callback will not update. Move it into a tracking scope (JSX, a memo, or an effect's compute function).
[STRICT_READ_UNTRACKED] Reactive value read directly in an effect callback will not update. Move it into a tracking scope (JSX, a memo, or an effect's compute function).
[STRICT_READ_UNTRACKED] Reactive value read directly in an effect callback will not update. Move it into a tracking scope (JSX, a memo, or an effect's compute function).
[STRICT_READ_UNTRACKED] Reactive value read directly in an effect callback will not update. Move it into a tracking scope (JSX, a memo, or an effect's compute function).
[STRICT_READ_UNTRACKED] Reactive value read directly in an effect callback will not update. Move it into a tracking scope (JSX, a memo, or an effect's compute function).
[STRICT_READ_UNTRACKED] Reactive value read directly in an effect callback will not update. Move it into a tracking scope (JSX, a memo, or an effect's compute function).
[STRICT_READ_UNTRACKED] Reactive value read directly in an effect callback will not update. Move it into a tracking scope (JSX, a memo, or an effect's compute function).
[STRICT_READ_UNTRACKED] Reactive value read directly in an effect callback will not update. Move it into a tracking scope (JSX, a memo, or an effect's compute function).
[STRICT_READ_UNTRACKED] Reactive value read directly in an effect callback will not update. Move it into a tracking scope (JSX, a memo, or an effect's compute function).
[STRICT_READ_UNTRACKED] Reactive value read directly in an effect callback will not update. Move it into a tracking scope (JSX, a memo, or an effect's compute function).
[STRICT_READ_UNTRACKED] Reactive value read directly in an effect callback will not update. Move it into a tracking scope (JSX, a memo, or an effect's compute function).
[STRICT_READ_UNTRACKED] Reactive value read directly in an effect callback will not update. Move it into a tracking scope (JSX, a memo, or an effect's compute function).
[STRICT_READ_UNTRACKED] Reactive value read directly in an effect callback will not update. Move it into a tracking scope (JSX, a memo, or an effect's compute function).
[STRICT_READ_UNTRACKED] Reactive value read directly in an effect callback will not update. Move it into a tracking scope (JSX, a memo, or an effect's compute function).
[STRICT_READ_UNTRACKED] Reactive value read directly in an effect callback will not update. Move it into a tracking scope (JSX, a memo, or an effect's compute function).

stderr | render/Select/contracts.test.tsx > [select.clear.controlled] parent accepts empty value
[STRICT_READ_UNTRACKED] Reactive value read directly in <[solid-refresh]Select> will not update. Move it into a tracking scope (JSX, a memo, or an effect's compute function).
[STRICT_READ_UNTRACKED] Reactive value read directly in <[solid-refresh]Select> will not update. Move it into a tracking scope (JSX, a memo, or an effect's compute function).
[STRICT_READ_UNTRACKED] Reactive value read directly in <[solid-refresh]Select> will not update. Move it into a tracking scope (JSX, a memo, or an effect's compute function).
[STRICT_READ_UNTRACKED] Reactive value read directly in <[solid-refresh]Select> will not update. Move it into a tracking scope (JSX, a memo, or an effect's compute function).
[STRICT_READ_UNTRACKED] Reactive value read directly in <[solid-refresh]Select> will not update. Move it into a tracking scope (JSX, a memo, or an effect's compute function).
[STRICT_READ_UNTRACKED] Reactive value read directly in an effect callback will not update. Move it into a tracking scope (JSX, a memo, or an effect's compute function).

···stderr | render/Select/contracts.test.tsx > [select.tags.remove] tag close is an accessible button
[STRICT_READ_UNTRACKED] Reactive value read directly in <[solid-refresh]Select> will not update. Move it into a tracking scope (JSX, a memo, or an effect's compute function).
[STRICT_READ_UNTRACKED] Reactive value read directly in <[solid-refresh]Select> will not update. Move it into a tracking scope (JSX, a memo, or an effect's compute function).
[STRICT_READ_UNTRACKED] Reactive value read directly in <[solid-refresh]Select> will not update. Move it into a tracking scope (JSX, a memo, or an effect's compute function).
[STRICT_READ_UNTRACKED] Reactive value read directly in <[solid-refresh]Select> will not update. Move it into a tracking scope (JSX, a memo, or an effect's compute function).
[STRICT_READ_UNTRACKED] Reactive value read directly in an effect callback will not update. Move it into a tracking scope (JSX, a memo, or an effect's compute function).

stderr | render/Select/contracts.test.tsx > [select.open.controlled] parent controls popup lifecycle
[STRICT_READ_UNTRACKED] Reactive value read directly in <[solid-refresh]Select> will not update. Move it into a tracking scope (JSX, a memo, or an effect's compute function).
[STRICT_READ_UNTRACKED] Reactive value read directly in <[solid-refresh]Select> will not update. Move it into a tracking scope (JSX, a memo, or an effect's compute function).
[STRICT_READ_UNTRACKED] Reactive value read directly in <[solid-refresh]Select> will not update. Move it into a tracking scope (JSX, a memo, or an effect's compute function).
[STRICT_READ_UNTRACKED] Reactive value read directly in <[solid-refresh]Select> will not update. Move it into a tracking scope (JSX, a memo, or an effect's compute function).
[STRICT_READ_UNTRACKED] Reactive value read directly in an effect callback will not update. Move it into a tracking scope (JSX, a memo, or an effect's compute function).
[STRICT_READ_UNTRACKED] Reactive value read directly in an effect callback will not update. Move it into a tracking scope (JSX, a memo, or an effect's compute function).
[STRICT_READ_UNTRACKED] Reactive value read directly in an effect callback will not update. Move it into a tracking scope (JSX, a memo, or an effect's compute function).
[STRICT_READ_UNTRACKED] Reactive value read directly in an effect callback will not update. Move it into a tracking scope (JSX, a memo, or an effect's compute function).
[STRICT_READ_UNTRACKED] Reactive value read directly in an effect callback will not update. Move it into a tracking scope (JSX, a memo, or an effect's compute function).
[STRICT_READ_UNTRACKED] Reactive value read directly in an effect callback will not update. Move it into a tracking scope (JSX, a memo, or an effect's compute function).
[STRICT_READ_UNTRACKED] Reactive value read directly in an effect callback will not update. Move it into a tracking scope (JSX, a memo, or an effect's compute function).
[STRICT_READ_UNTRACKED] Reactive value read directly in an effect callback will not update. Move it into a tracking scope (JSX, a memo, or an effect's compute function).
[STRICT_READ_UNTRACKED] Reactive value read directly in an effect callback will not update. Move it into a tracking scope (JSX, a memo, or an effect's compute function).
[STRICT_READ_UNTRACKED] Reactive value read directly in an effect callback will not update. Move it into a tracking scope (JSX, a memo, or an effect's compute function).
[STRICT_READ_UNTRACKED] Reactive value read directly in an effect callback will not update. Move it into a tracking scope (JSX, a memo, or an effect's compute function).
[STRICT_READ_UNTRACKED] Reactive value read directly in an effect callback will not update. Move it into a tracking scope (JSX, a memo, or an effect's compute function).
[STRICT_READ_UNTRACKED] Reactive value read directly in an effect callback will not update. Move it into a tracking scope (JSX, a memo, or an effect's compute function).
[STRICT_READ_UNTRACKED] Reactive value read directly in an effect callback will not update. Move it into a tracking scope (JSX, a memo, or an effect's compute function).
[STRICT_READ_UNTRACKED] Reactive value read directly in an effect callback will not update. Move it into a tracking scope (JSX, a memo, or an effect's compute function).
[STRICT_READ_UNTRACKED] Reactive value read directly in an effect callback will not update. Move it into a tracking scope (JSX, a memo, or an effect's compute function).
[STRICT_READ_UNTRACKED] Reactive value read directly in an effect callback will not update. Move it into a tracking scope (JSX, a memo, or an effect's compute function).
[STRICT_READ_UNTRACKED] Reactive value read directly in an effect callback will not update. Move it into a tracking scope (JSX, a memo, or an effect's compute function).
[STRICT_READ_UNTRACKED] Reactive value read directly in an effect callback will not update. Move it into a tracking scope (JSX, a memo, or an effect's compute function).
[STRICT_READ_UNTRACKED] Reactive value read directly in an effect callback will not update. Move it into a tracking scope (JSX, a memo, or an effect's compute function).
[STRICT_READ_UNTRACKED] Reactive value read directly in an effect callback will not update. Move it into a tracking scope (JSX, a memo, or an effect's compute function).
[STRICT_READ_UNTRACKED] Reactive value read directly in an effect callback will not update. Move it into a tracking scope (JSX, a memo, or an effect's compute function).
[STRICT_READ_UNTRACKED] Reactive value read directly in an effect callback will not update. Move it into a tracking scope (JSX, a memo, or an effect's compute function).
[STRICT_READ_UNTRACKED] Reactive value read directly in an effect callback will not update. Move it into a tracking scope (JSX, a memo, or an effect's compute function).
[STRICT_READ_UNTRACKED] Reactive value read directly in an effect callback will not update. Move it into a tracking scope (JSX, a memo, or an effect's compute function).
[STRICT_READ_UNTRACKED] Reactive value read directly in an effect callback will not update. Move it into a tracking scope (JSX, a memo, or an effect's compute function).
[STRICT_READ_UNTRACKED] Reactive value read directly in an effect callback will not update. Move it into a tracking scope (JSX, a memo, or an effect's compute function).
[STRICT_READ_UNTRACKED] Reactive value read directly in an effect callback will not update. Move it into a tracking scope (JSX, a memo, or an effect's compute function).
[STRICT_READ_UNTRACKED] Reactive value read directly in an effect callback will not update. Move it into a tracking scope (JSX, a memo, or an effect's compute function).
[STRICT_READ_UNTRACKED] Reactive value read directly in an effect callback will not update. Move it into a tracking scope (JSX, a memo, or an effect's compute function).
[STRICT_READ_UNTRACKED] Reactive value read directly in an effect callback will not update. Move it into a tracking scope (JSX, a memo, or an effect's compute function).
[STRICT_READ_UNTRACKED] Reactive value read directly in an effect callback will not update. Move it into a tracking scope (JSX, a memo, or an effect's compute function).
[STRICT_READ_UNTRACKED] Reactive value read directly in an effect callback will not update. Move it into a tracking scope (JSX, a memo, or an effect's compute function).

stderr | render/Select/contracts.test.tsx > [select.props.presentation] size, status, loading, name and filter passthrough
[STRICT_READ_UNTRACKED] Reactive value read directly in <[solid-refresh]Select> will not update. Move it into a tracking scope (JSX, a memo, or an effect's compute function).
[STRICT_READ_UNTRACKED] Reactive value read directly in <[solid-refresh]Select> will not update. Move it into a tracking scope (JSX, a memo, or an effect's compute function).
[STRICT_READ_UNTRACKED] Reactive value read directly in <[solid-refresh]Select> will not update. Move it into a tracking scope (JSX, a memo, or an effect's compute function).
[STRICT_READ_UNTRACKED] Reactive value read directly in <[solid-refresh]Select> will not update. Move it into a tracking scope (JSX, a memo, or an effect's compute function).
[STRICT_READ_UNTRACKED] Reactive value read directly in an effect callback will not update. Move it into a tracking scope (JSX, a memo, or an effect's compute function).

stderr | render/Select/contracts.test.tsx > [select.form.real] form submit and reset
[STRICT_READ_UNTRACKED] Reactive value read directly in <[solid-refresh]Select> will not update. Move it into a tracking scope (JSX, a memo, or an effect's compute function).
[STRICT_READ_UNTRACKED] Reactive value read directly in <[solid-refresh]Select> will not update. Move it into a tracking scope (JSX, a memo, or an effect's compute function).
[STRICT_READ_UNTRACKED] Reactive value read directly in <[solid-refresh]Select> will not update. Move it into a tracking scope (JSX, a memo, or an effect's compute function).
[STRICT_READ_UNTRACKED] Reactive value read directly in an effect callback will not update. Move it into a tracking scope (JSX, a memo, or an effect's compute function).
[STRICT_READ_UNTRACKED] Reactive value read directly in an effect callback will not update. Move it into a tracking scope (JSX, a memo, or an effect's compute function).
[STRICT_READ_UNTRACKED] Reactive value read directly in an effect callback will not update. Move it into a tracking scope (JSX, a memo, or an effect's compute function).
[STRICT_READ_UNTRACKED] Reactive value read directly in an effect callback will not update. Move it into a tracking scope (JSX, a memo, or an effect's compute function).
[STRICT_READ_UNTRACKED] Reactive value read directly in an effect callback will not update. Move it into a tracking scope (JSX, a memo, or an effect's compute function).
[STRICT_READ_UNTRACKED] Reactive value read directly in an effect callback will not update. Move it into a tracking scope (JSX, a memo, or an effect's compute function).
[STRICT_READ_UNTRACKED] Reactive value read directly in an effect callback will not update. Move it into a tracking scope (JSX, a memo, or an effect's compute function).
[STRICT_READ_UNTRACKED] Reactive value read directly in an effect callback will not update. Move it into a tracking scope (JSX, a memo, or an effect's compute function).
[STRICT_READ_UNTRACKED] Reactive value read directly in an effect callback will not update. Move it into a tracking scope (JSX, a memo, or an effect's compute function).
[STRICT_READ_UNTRACKED] Reactive value read directly in an effect callback will not update. Move it into a tracking scope (JSX, a memo, or an effect's compute function).
[STRICT_READ_UNTRACKED] Reactive value read directly in an effect callback will not update. Move it into a tracking scope (JSX, a memo, or an effect's compute function).
[STRICT_READ_UNTRACKED] Reactive value read directly in an effect callback will not update. Move it into a tracking scope (JSX, a memo, or an effect's compute function).
[STRICT_READ_UNTRACKED] Reactive value read directly in an effect callback will not update. Move it into a tracking scope (JSX, a memo, or an effect's compute function).
[STRICT_READ_UNTRACKED] Reactive value read directly in an effect callback will not update. Move it into a tracking scope (JSX, a memo, or an effect's compute function).
[STRICT_READ_UNTRACKED] Reactive value read directly in an effect callback will not update. Move it into a tracking scope (JSX, a memo, or an effect's compute function).
[STRICT_READ_UNTRACKED] Reactive value read directly in an effect callback will not update. Move it into a tracking scope (JSX, a memo, or an effect's compute function).
[STRICT_READ_UNTRACKED] Reactive value read directly in an effect callback will not update. Move it into a tracking scope (JSX, a memo, or an effect's compute function).
[STRICT_READ_UNTRACKED] Reactive value read directly in an effect callback will not update. Move it into a tracking scope (JSX, a memo, or an effect's compute function).
[STRICT_READ_UNTRACKED] Reactive value read directly in an effect callback will not update. Move it into a tracking scope (JSX, a memo, or an effect's compute function).
[STRICT_READ_UNTRACKED] Reactive value read directly in an effect callback will not update. Move it into a tracking scope (JSX, a memo, or an effect's compute function).
[STRICT_READ_UNTRACKED] Reactive value read directly in an effect callback will not update. Move it into a tracking scope (JSX, a memo, or an effect's compute function).
[STRICT_READ_UNTRACKED] Reactive value read directly in an effect callback will not update. Move it into a tracking scope (JSX, a memo, or an effect's compute function).
[STRICT_READ_UNTRACKED] Reactive value read directly in an effect callback will not update. Move it into a tracking scope (JSX, a memo, or an effect's compute function).
[STRICT_READ_UNTRACKED] Reactive value read directly in an effect callback will not update. Move it into a tracking scope (JSX, a memo, or an effect's compute function).
[STRICT_READ_UNTRACKED] Reactive value read directly in an effect callback will not update. Move it into a tracking scope (JSX, a memo, or an effect's compute function).
[STRICT_READ_UNTRACKED] Reactive value read directly in an effect callback will not update. Move it into a tracking scope (JSX, a memo, or an effect's compute function).
[STRICT_READ_UNTRACKED] Reactive value read directly in an effect callback will not update. Move it into a tracking scope (JSX, a memo, or an effect's compute function).
[STRICT_READ_UNTRACKED] Reactive value read directly in an effect callback will not update. Move it into a tracking scope (JSX, a memo, or an effect's compute function).
[STRICT_READ_UNTRACKED] Reactive value read directly in an effect callback will not update. Move it into a tracking scope (JSX, a memo, or an effect's compute function).
[STRICT_READ_UNTRACKED] Reactive value read directly in an effect callback will not update. Move it into a tracking scope (JSX, a memo, or an effect's compute function).
[STRICT_READ_UNTRACKED] Reactive value read directly in an effect callback will not update. Move it into a tracking scope (JSX, a memo, or an effect's compute function).
[STRICT_READ_UNTRACKED] Reactive value read directly in an effect callback will not update. Move it into a tracking scope (JSX, a memo, or an effect's compute function).

·····

⎯⎯⎯⎯⎯⎯⎯ Failed Tests 5 ⎯⎯⎯⎯⎯⎯⎯

 FAIL  render/Button/props.test.tsx > [button.icon] start and loading replacement
 FAIL  render/Button/props.test.tsx > [button.icon] end and loading replacement
AssertionError: expected <i></i> to be null

- Expected:
null

+ Received:
<i>
  原图标
</i>

 ❯ render/Button/props.test.tsx:39:35
     37|   expect(host.textContent).toBe(iconPlacement === 'start' ? '原图标0' : '…
     38|   setLoading(true); flush()
     39|   expect(host.querySelector('i')).toBeNull(); expect(host.querySelecto…
       |                                   ^
     40|   expect(host.querySelector('button')!.getAttribute('aria-busy')).toBe…
     41|   setLoading(false); flush(); expect(host.querySelector('i')!.textCont…

⎯⎯⎯⎯⎯⎯⎯⎯⎯⎯⎯⎯⎯⎯⎯⎯⎯⎯⎯⎯⎯⎯⎯⎯[1/5]⎯

 FAIL  render/Button/props.test.tsx > [button.link.blocked] true / false
AssertionError: expected "vi.fn()" to be called once, but got 0 times
 ❯ render/Button/props.test.tsx:73:108
     71|   const event=new MouseEvent('click',{bubbles:true,cancelable:true}); …
     72|   expect(event.defaultPrevented).toBe(true); expect(click).not.toHaveB…
     73|   setBlocked(false); flush(); expect(link.getAttribute('href')).toBe('…
       |                                                                                                            ^
     74| })
     75| // 只有非 text/link 外观出现点击波纹，400ms 后移除。

⎯⎯⎯⎯⎯⎯⎯⎯⎯⎯⎯⎯⎯⎯⎯⎯⎯⎯⎯⎯⎯⎯⎯⎯[2/5]⎯

 FAIL  render/Button/props.test.tsx > [button.link.blocked] false / true
 FAIL  render/Button/props.test.tsx > [button.link.blocked] true / true
AssertionError: expected null to be '#next' // Object.is equality

- Expected:
"#next"

+ Received:
null

 ❯ render/Button/props.test.tsx:73:65
     71|   const event=new MouseEvent('click',{bubbles:true,cancelable:true}); …
     72|   expect(event.defaultPrevented).toBe(true); expect(click).not.toHaveB…
     73|   setBlocked(false); flush(); expect(link.getAttribute('href')).toBe('…
       |                                                                 ^
     74| })
     75| // 只有非 text/link 外观出现点击波纹，400ms 后移除。

⎯⎯⎯⎯⎯⎯⎯⎯⎯⎯⎯⎯⎯⎯⎯⎯⎯⎯⎯⎯⎯⎯⎯⎯[3/5]⎯


 Test Files  1 failed | 16 passed (17)
      Tests  5 failed | 206 passed (211)
   Start at  19:54:17
   Duration  1.55s (transform 4.43s, setup 0ms, import 6.24s, tests 898ms, environment 6.55s)

